Record1;Record2;Area_intersection;Percent1;Percent2;Percent;StartDate1;StartDate2;Timelag
2000-0003-BGD;2000-0023-BGD;295.0;0.0;0.98;0.98;2000-01-01 00:00:00+00:00;2000-01-02 00:00:00+00:00;1.0
2000-0033-CHN;2000-0036-CHN;468714.0;1.0;1.0;1.0;2000-01-14 00:00:00+00:00;2000-01-26 00:00:00+00:00;12.0
2000-0067-USA;2000-0919-USA;193375.0;0.32;0.11;0.32;2000-02-13 00:00:00+00:00;2000-01-22 00:00:00+00:00;22.0
2000-0076-ISL;2000-0335-ISL;129460.0;0.7;1.0;1.0;2000-06-21 00:00:00+00:00;2000-06-17 00:00:00+00:00;4.0
2000-0232-USA;2000-0297-USA;8866.0;0.03;1.0;1.0;2000-05-06 00:00:00+00:00;2000-05-23 00:00:00+00:00;17.0
2000-0272-TUR;2000-0381-TUR;1078.0;1.0;0.0;1.0;2000-05-07 00:00:00+00:00;2000-06-01 00:00:00+00:00;25.0
2000-0276-MEX;2000-0317-MEX;1806.0;0.01;1.0;1.0;2000-05-13 00:00:00+00:00;2000-05-30 00:00:00+00:00;17.0
2000-0281-TUR;2000-0381-TUR;33787.0;1.0;0.03;1.0;2000-05-27 00:00:00+00:00;2000-06-01 00:00:00+00:00;5.0
2000-0283-BGD;2000-0294-BGD;7995.0;0.39;0.22;0.39;2000-05-27 00:00:00+00:00;2000-05-23 00:00:00+00:00;4.0
2000-0291-TUR;2000-0381-TUR;5972.0;1.0;0.0;1.0;2000-06-06 00:00:00+00:00;2000-06-01 00:00:00+00:00;5.0
2000-0296-USA;2000-9339-USA;2930.0;1.0;0.0;1.0;2000-05-19 00:00:00+00:00;2000-06-01 00:00:00+00:00;13.0
2000-0297-USA;2000-9339-USA;6667.0;0.75;0.0;0.75;2000-05-23 00:00:00+00:00;2000-06-01 00:00:00+00:00;9.0
2000-0298-CHN;2000-0302-CHN;652556.0;1.0;0.37;1.0;2000-06-06 00:00:00+00:00;2000-05-31 00:00:00+00:00;6.0
2000-0302-CHN;2000-0326-CHN;877569.0;0.5;1.0;1.0;2000-05-31 00:00:00+00:00;2000-06-05 00:00:00+00:00;5.0
2000-0302-CHN;2000-0376-CHN;221945.0;0.13;1.0;1.0;2000-05-31 00:00:00+00:00;2000-06-08 00:00:00+00:00;8.0
2000-0310-CHL;2000-0423-CHL;53415.0;1.0;0.1;1.0;2000-06-05 00:00:00+00:00;2000-07-03 00:00:00+00:00;28.0
2000-0326-CHN;2000-0376-CHN;221422.0;0.25;1.0;1.0;2000-06-05 00:00:00+00:00;2000-06-08 00:00:00+00:00;3.0
2000-0380-ROU;2000-9328-ROU;14389.0;0.97;0.16;0.97;2000-07-01 00:00:00+00:00;2000-06-01 00:00:00+00:00;30.0
2000-0396-PHL;2000-0397-PHL;37.0;1.0;0.0;1.0;2000-07-05 00:00:00+00:00;2000-07-07 00:00:00+00:00;2.0
2000-0425-CHN;2000-0532-CHN;1975.0;0.0;0.99;0.99;2000-07-13 00:00:00+00:00;2000-08-01 00:00:00+00:00;19.0
2000-0426-CHN;2000-0472-CHN;656224.0;1.0;0.68;1.0;2000-07-18 00:00:00+00:00;2000-07-11 00:00:00+00:00;7.0
2000-0428-JPN;2000-0447-JPN;2738.0;1.0;1.0;1.0;2000-07-01 00:00:00+00:00;2000-07-08 00:00:00+00:00;7.0
2000-0433-USA;2000-9339-USA;1303465.0;1.0;0.71;1.0;2000-07-01 00:00:00+00:00;2000-06-01 00:00:00+00:00;30.0
2000-0445-IND;2000-0534-IND;108469.0;0.06;0.5;0.5;2000-08-02 00:00:00+00:00;2000-08-23 00:00:00+00:00;21.0
2000-0472-CHN;2000-0556-CHN;6931.0;0.01;1.0;1.0;2000-07-11 00:00:00+00:00;2000-08-01 00:00:00+00:00;21.0
2000-0478-RUS;2000-0480-RUS;5.0;0.0;1.0;1.0;2000-07-30 00:00:00+00:00;2000-08-04 00:00:00+00:00;5.0
2000-0527-CHN;2000-0559-CHN;5218.0;0.01;1.0;1.0;2000-08-21 00:00:00+00:00;2000-08-13 00:00:00+00:00;8.0
2000-0535-KOR;2000-0550-KOR;25207.0;0.42;0.9;0.9;2000-08-26 00:00:00+00:00;2000-08-31 00:00:00+00:00;5.0
2000-0547-NGA;2000-0596-NGA;3197.0;0.09;1.0;1.0;2000-08-15 00:00:00+00:00;2000-09-01 00:00:00+00:00;17.0
2000-0557-CHN;2000-9626-CHN;211993.0;0.44;1.0;1.0;2000-09-01 00:00:00+00:00;2000-09-01 00:00:00+00:00;0.0
2000-0576-JPN;2000-0606-JPN;32382.0;1.0;0.73;1.0;2000-09-11 00:00:00+00:00;2000-09-10 00:00:00+00:00;1.0
2000-0611-MEX;2000-0643-MEX;158692.0;0.69;0.28;0.69;2000-09-21 00:00:00+00:00;2000-09-29 00:00:00+00:00;8.0
2000-0644-NIC;2000-0875-NIC;1400.0;0.08;0.99;0.99;2000-09-29 00:00:00+00:00;2000-10-09 00:00:00+00:00;10.0
2000-0662-GBR;2000-0714-GBR;27491.0;0.36;0.77;0.77;2000-10-11 00:00:00+00:00;2000-10-28 00:00:00+00:00;17.0
2000-0721-IDN;2000-0791-IDN;3288.0;0.99;0.02;0.99;2000-11-05 00:00:00+00:00;2000-12-03 00:00:00+00:00;28.0
2000-0733-ARG;2000-0776-ARG;4751.0;0.0;1.0;1.0;2000-11-09 00:00:00+00:00;2000-11-22 00:00:00+00:00;13.0
2000-0753-MOZ;2000-0786-MOZ;12502.0;0.06;1.0;1.0;2000-11-18 00:00:00+00:00;2000-11-26 00:00:00+00:00;8.0
2000-0754-ZAF;2000-0861-ZAF;121853.0;1.0;1.0;1.0;2000-11-19 00:00:00+00:00;2000-12-09 00:00:00+00:00;20.0
2000-0812-FRA;2001-0066-FRA;30727.0;1.0;0.41;1.0;2000-12-13 00:00:00+00:00;2001-01-05 00:00:00+00:00;23.0
2000-0839-ARG;2001-0012-ARG;478881.0;1.0;1.0;1.0;2000-12-27 00:00:00+00:00;2001-01-10 00:00:00+00:00;14.0
2001-0027-AFG;2001-0086-AFG;1497.0;0.01;1.0;1.0;2001-01-31 00:00:00+00:00;2001-02-25 00:00:00+00:00;25.0
2001-0028-AUS;2001-0030-AUS;42724.0;0.58;0.04;0.58;2001-01-01 00:00:00+00:00;2001-01-16 00:00:00+00:00;15.0
2001-0030-AUS;2001-0087-AUS;1122970.0;1.0;1.0;1.0;2001-01-16 00:00:00+00:00;2001-02-01 00:00:00+00:00;16.0
2001-0041-IDN;2001-0051-IDN;3347.0;0.99;0.05;0.99;2001-02-08 00:00:00+00:00;2001-02-04 00:00:00+00:00;4.0
2001-0046-IDN;2001-0051-IDN;579.0;0.96;0.01;0.96;2001-01-22 00:00:00+00:00;2001-02-04 00:00:00+00:00;13.0
2001-0064-CHN;2001-9218-CHN;656224.0;1.0;0.58;1.0;2001-02-23 00:00:00+00:00;2001-03-01 00:00:00+00:00;6.0
2001-0082-ZWE;2001-9122-ZWE;17287.0;1.0;0.12;1.0;2001-02-01 00:00:00+00:00;2001-03-01 00:00:00+00:00;28.0
2001-0241-CHN;2001-0322-CHN;212144.0;0.29;0.2;0.29;2001-06-02 00:00:00+00:00;2001-07-01 00:00:00+00:00;29.0
2001-0241-CHN;2001-0475-CHN;270871.0;0.37;0.32;0.37;2001-06-02 00:00:00+00:00;2001-06-19 00:00:00+00:00;17.0
2001-0242-USA;2001-0351-USA;2172.0;0.0;0.38;0.38;2001-06-05 00:00:00+00:00;2001-06-14 00:00:00+00:00;9.0
2001-0305-CHN;2001-0795-CHN;211993.0;1.0;1.0;1.0;2001-04-20 00:00:00+00:00;2001-03-25 00:00:00+00:00;26.0
2001-0322-CHN;2001-0419-CHN;211993.0;0.2;1.0;1.0;2001-07-01 00:00:00+00:00;2001-07-24 00:00:00+00:00;23.0
2001-0322-CHN;2001-0475-CHN;250472.0;0.24;0.3;0.3;2001-07-01 00:00:00+00:00;2001-06-19 00:00:00+00:00;12.0
2001-0322-CHN;2001-0740-CHN;284105.0;0.27;1.0;1.0;2001-07-01 00:00:00+00:00;2001-06-15 00:00:00+00:00;16.0
2001-0328-PAK;2001-0376-PAK;7235.0;1.0;0.05;1.0;2001-07-10 00:00:00+00:00;2001-07-22 00:00:00+00:00;12.0
2001-0335-KOR;2001-0403-KOR;17029.0;1.0;1.0;1.0;2001-07-14 00:00:00+00:00;2001-07-29 00:00:00+00:00;15.0
2001-0349-IND;2001-0729-IND;386945.0;1.0;0.88;1.0;2001-06-01 00:00:00+00:00;2001-05-28 00:00:00+00:00;4.0
2001-0357-THA;2001-0479-THA;780.0;0.14;0.57;0.57;2001-06-27 00:00:00+00:00;2001-06-27 00:00:00+00:00;0.0
2001-0360-CHN;2001-0768-CHN;4940.0;0.01;1.0;1.0;2001-08-25 00:00:00+00:00;2001-07-28 00:00:00+00:00;28.0
2001-0377-ARG;2001-0401-ARG;349904.0;0.32;1.0;1.0;2001-07-01 00:00:00+00:00;2001-07-01 00:00:00+00:00;0.0
2001-0385-CHN;2001-0389-CHN;25857.0;1.0;0.05;1.0;2001-07-02 00:00:00+00:00;2001-07-14 00:00:00+00:00;12.0
2001-0389-CHN;2001-0768-CHN;4940.0;0.01;1.0;1.0;2001-07-14 00:00:00+00:00;2001-07-28 00:00:00+00:00;14.0
2001-0436-VNM;2001-0492-VNM;12642.0;0.27;0.34;0.34;2001-08-11 00:00:00+00:00;2001-08-15 00:00:00+00:00;4.0
2001-0465-IND;2001-0515-IND;25276.0;0.22;1.0;1.0;2001-08-01 00:00:00+00:00;2001-08-20 00:00:00+00:00;19.0
2001-0485-KHM;2001-9525-KHM;17325.0;0.57;0.19;0.57;2001-08-15 00:00:00+00:00;2001-09-01 00:00:00+00:00;17.0
2001-0515-IND;2001-0527-IND;10803.0;0.43;0.03;0.43;2001-08-20 00:00:00+00:00;2001-09-01 00:00:00+00:00;12.0
2001-0515-IND;2001-0794-IND;5828.0;0.23;1.0;1.0;2001-08-20 00:00:00+00:00;2001-09-07 00:00:00+00:00;18.0
2001-0526-CHN;2001-0534-CHN;656224.0;1.0;1.0;1.0;2001-09-01 00:00:00+00:00;2001-09-19 00:00:00+00:00;18.0
2001-0526-CHN;2001-0540-CHN;827.0;0.0;1.0;1.0;2001-09-01 00:00:00+00:00;2001-09-25 00:00:00+00:00;24.0
2001-0527-IND;2001-0794-IND;5780.0;0.02;0.99;0.99;2001-09-01 00:00:00+00:00;2001-09-07 00:00:00+00:00;6.0
2001-0534-CHN;2001-0540-CHN;827.0;0.0;1.0;1.0;2001-09-19 00:00:00+00:00;2001-09-25 00:00:00+00:00;6.0
2001-0573-CHN;2001-0598-CHN;6184.0;1.0;0.01;1.0;2001-09-28 00:00:00+00:00;2001-10-27 00:00:00+00:00;29.0
2001-0587-VNM;2001-0624-VNM;15961.0;0.3;0.71;0.71;2001-10-20 00:00:00+00:00;2001-11-12 00:00:00+00:00;23.0
2001-0651-IDN;2001-0652-IDN;84.0;0.06;1.0;1.0;2001-10-30 00:00:00+00:00;2001-10-23 00:00:00+00:00;7.0
2001-0710-MWI;2002-0083-MWI;5307.0;1.0;0.09;1.0;2001-12-30 00:00:00+00:00;2002-01-01 00:00:00+00:00;2.0
2001-0719-IDN;2002-0018-IDN;598.0;0.0;1.0;1.0;2001-12-28 00:00:00+00:00;2002-01-08 00:00:00+00:00;11.0
2001-0719-IDN;2002-0035-IDN;291.0;0.0;1.0;1.0;2001-12-28 00:00:00+00:00;2002-01-13 00:00:00+00:00;16.0
2001-0719-IDN;2002-0054-IDN;45993.0;0.08;0.46;0.46;2001-12-28 00:00:00+00:00;2002-01-27 00:00:00+00:00;30.0
2001-0770-USA;2001-0773-USA;357943.0;0.1;0.99;0.99;2001-08-01 00:00:00+00:00;2001-08-17 00:00:00+00:00;16.0
2001-9122-MOZ;2002-0163-MOZ;747.0;0.0;0.67;0.67;2002-03-01 00:00:00+00:00;2002-03-18 00:00:00+00:00;17.0
2002-0077-PER;2002-9843-PER;526900.0;1.0;0.39;1.0;2002-02-04 00:00:00+00:00;2002-03-01 00:00:00+00:00;25.0
2002-0160-URY;2002-0240-URY;7872.0;1.0;0.12;1.0;2002-03-15 00:00:00+00:00;2002-04-01 00:00:00+00:00;17.0
2002-0165-USA;2002-0183-USA;212639.0;0.93;0.09;0.93;2002-03-19 00:00:00+00:00;2002-03-17 00:00:00+00:00;2.0
2002-0175-AFG;2002-0208-AFG;2552.0;1.0;1.0;1.0;2002-03-25 00:00:00+00:00;2002-04-12 00:00:00+00:00;18.0
2002-0187-PER;2002-9843-PER;79084.0;1.0;0.06;1.0;2002-03-17 00:00:00+00:00;2002-03-01 00:00:00+00:00;16.0
2002-0204-IND;2002-0308-IND;8260.0;0.08;0.46;0.46;2002-04-03 00:00:00+00:00;2002-04-27 00:00:00+00:00;24.0
2002-0216-IND;2002-0290-IND;178378.0;1.0;0.11;1.0;2002-04-11 00:00:00+00:00;2002-05-10 00:00:00+00:00;29.0
2002-0216-IND;2002-0308-IND;9470.0;0.05;0.53;0.53;2002-04-11 00:00:00+00:00;2002-04-27 00:00:00+00:00;16.0
2002-0218-IRN;2002-0246-IRN;179982.0;0.42;0.81;0.81;2002-04-14 00:00:00+00:00;2002-04-24 00:00:00+00:00;10.0
2002-0248-KEN;2002-0265-KEN;9557.0;1.0;0.27;1.0;2002-04-30 00:00:00+00:00;2002-04-26 00:00:00+00:00;4.0
2002-0278-CHN;2002-0344-CHN;106657.0;0.99;1.0;1.0;2002-05-01 00:00:00+00:00;2002-05-23 00:00:00+00:00;22.0
2002-0284-PAK;2002-0330-PAK;279600.0;0.31;1.0;1.0;2002-05-01 00:00:00+00:00;2002-05-27 00:00:00+00:00;26.0
2002-0290-IND;2002-0308-IND;17737.0;0.01;1.0;1.0;2002-05-10 00:00:00+00:00;2002-04-27 00:00:00+00:00;13.0
2002-0305-CHN;2002-0350-CHN;271256.0;1.0;0.11;1.0;2002-05-22 00:00:00+00:00;2002-06-08 00:00:00+00:00;17.0
2002-0350-CHN;2002-0361-CHN;110247.0;0.05;1.0;1.0;2002-06-08 00:00:00+00:00;2002-06-14 00:00:00+00:00;6.0
2002-0350-CHN;2002-0531-CHN;110285.0;0.05;0.83;0.83;2002-06-08 00:00:00+00:00;2002-07-01 00:00:00+00:00;23.0
2002-0361-CHN;2002-0531-CHN;110457.0;1.0;0.83;1.0;2002-06-14 00:00:00+00:00;2002-07-01 00:00:00+00:00;17.0
2002-0374-IND;2002-9349-IND;1052115.0;0.74;0.38;0.74;2002-06-21 00:00:00+00:00;2002-07-01 00:00:00+00:00;10.0
2002-0402-BGD;2002-0425-BGD;21895.0;0.34;0.99;0.99;2002-07-01 00:00:00+00:00;2002-07-14 00:00:00+00:00;13.0
2002-0408-PHL;2002-0528-PHL;37.0;1.0;1.0;1.0;2002-07-07 00:00:00+00:00;2002-06-28 00:00:00+00:00;9.0
2002-0408-PHL;2002-0532-PHL;37.0;1.0;0.0;1.0;2002-07-07 00:00:00+00:00;2002-07-20 00:00:00+00:00;13.0
2002-0410-YEM;2002-0454-YEM;408.0;0.99;0.2;0.99;2002-07-06 00:00:00+00:00;2002-07-24 00:00:00+00:00;18.0
2002-0448-CHN;2002-0461-CHN;211993.0;0.47;0.05;0.47;2002-07-19 00:00:00+00:00;2002-07-21 00:00:00+00:00;2.0
2002-0448-CHN;2002-0481-CHN;211993.0;0.47;0.25;0.47;2002-07-19 00:00:00+00:00;2002-08-01 00:00:00+00:00;13.0
2002-0448-CHN;2002-0483-CHN;211993.0;0.47;0.33;0.47;2002-07-19 00:00:00+00:00;2002-08-05 00:00:00+00:00;17.0
2002-0461-CHN;2002-0481-CHN;211993.0;0.05;0.25;0.25;2002-07-21 00:00:00+00:00;2002-08-01 00:00:00+00:00;11.0
2002-0461-CHN;2002-0483-CHN;211993.0;0.05;0.33;0.33;2002-07-21 00:00:00+00:00;2002-08-05 00:00:00+00:00;15.0
2002-0481-CHN;2002-0483-CHN;211993.0;0.25;0.33;0.33;2002-08-01 00:00:00+00:00;2002-08-05 00:00:00+00:00;4.0
2002-0483-CHN;2002-0659-CHN;271256.0;0.43;1.0;1.0;2002-08-05 00:00:00+00:00;2002-08-11 00:00:00+00:00;6.0
2002-0498-CHN;2002-0508-CHN;468714.0;1.0;1.0;1.0;2002-08-14 00:00:00+00:00;2002-08-01 00:00:00+00:00;13.0
2002-0499-PHL;2002-0532-PHL;8186.0;1.0;0.26;1.0;2002-08-13 00:00:00+00:00;2002-07-20 00:00:00+00:00;24.0
2002-0499-PHL;2002-0877-PHL;8149.0;1.0;0.12;1.0;2002-08-13 00:00:00+00:00;2002-07-15 00:00:00+00:00;29.0
2002-0499-PHL;2002-0878-PHL;8149.0;1.0;0.06;1.0;2002-08-13 00:00:00+00:00;2002-08-11 00:00:00+00:00;2.0
2002-0509-PAK;2002-0543-PAK;5924.0;1.0;0.37;1.0;2002-08-15 00:00:00+00:00;2002-08-22 00:00:00+00:00;7.0
2002-0528-PHL;2002-0532-PHL;37.0;1.0;0.0;1.0;2002-06-28 00:00:00+00:00;2002-07-20 00:00:00+00:00;22.0
2002-0532-PHL;2002-0877-PHL;9474.0;0.3;0.14;0.3;2002-07-20 00:00:00+00:00;2002-07-15 00:00:00+00:00;5.0
2002-0532-PHL;2002-0878-PHL;19859.0;0.64;0.15;0.64;2002-07-20 00:00:00+00:00;2002-08-11 00:00:00+00:00;22.0
2002-0553-FRA;2002-0574-FRA;23177.0;0.24;0.63;0.63;2002-08-25 00:00:00+00:00;2002-09-08 00:00:00+00:00;14.0
2002-0562-THA;2002-0641-THA;2907.0;1.0;0.01;1.0;2002-09-03 00:00:00+00:00;2002-10-01 00:00:00+00:00;28.0
2002-0604-CUB;2002-0636-CUB;12968.0;0.82;0.29;0.82;2002-09-18 00:00:00+00:00;2002-10-01 00:00:00+00:00;13.0
2002-0627-JAM;2002-0656-JAM;872.0;0.18;0.32;0.32;2002-09-30 00:00:00+00:00;2002-09-18 00:00:00+00:00;12.0
2002-0629-THA;2002-0641-THA;7488.0;0.99;0.04;0.99;2002-09-29 00:00:00+00:00;2002-10-01 00:00:00+00:00;2.0
2002-0643-IDN;2002-0820-IDN;14237.0;0.34;1.0;1.0;2002-10-10 00:00:00+00:00;2002-09-20 00:00:00+00:00;20.0
2002-0692-PAK;2002-0721-PAK;44266.0;0.69;1.0;1.0;2002-11-02 00:00:00+00:00;2002-11-20 00:00:00+00:00;18.0
2002-0700-USA;2002-0751-USA;174255.0;0.65;0.11;0.65;2002-11-05 00:00:00+00:00;2002-12-04 00:00:00+00:00;29.0
2002-0751-USA;2002-0802-USA;547510.0;0.33;0.21;0.33;2002-12-04 00:00:00+00:00;2002-12-23 00:00:00+00:00;19.0
2002-0805-MEX;2003-0039-MEX;313492.0;0.48;0.79;0.79;2002-12-24 00:00:00+00:00;2003-01-22 00:00:00+00:00;29.0
2002-0808-MWI;2003-0020-MWI;30577.0;1.0;0.3;1.0;2002-12-28 00:00:00+00:00;2003-01-01 00:00:00+00:00;4.0
2002-0813-BEL;2003-0001-BEL;7559.0;0.22;0.95;0.95;2002-12-24 00:00:00+00:00;2003-01-01 00:00:00+00:00;8.0
2002-0814-PRT;2003-0001-PRT;4792.0;0.15;1.0;1.0;2002-12-26 00:00:00+00:00;2003-01-01 00:00:00+00:00;6.0
2002-0877-PHL;2002-0878-PHL;38988.0;0.58;0.29;0.58;2002-07-15 00:00:00+00:00;2002-08-11 00:00:00+00:00;27.0
2003-0016-IDN;2003-0053-IDN;40.0;0.0;1.0;1.0;2003-01-01 00:00:00+00:00;2003-01-29 00:00:00+00:00;28.0
2003-0016-IDN;2003-0060-IDN;1211.0;0.03;1.0;1.0;2003-01-01 00:00:00+00:00;2003-01-31 00:00:00+00:00;30.0
2003-0016-IDN;2003-0074-IDN;37853.0;1.0;0.37;1.0;2003-01-01 00:00:00+00:00;2003-01-28 00:00:00+00:00;27.0
2003-0020-MOZ;2003-9035-MOZ;65688.0;0.34;1.0;1.0;2003-01-01 00:00:00+00:00;2003-01-01 00:00:00+00:00;0.0
2003-0028-BRA;2003-0730-BRA;292277.0;0.63;1.0;1.0;2003-01-14 00:00:00+00:00;2003-01-11 00:00:00+00:00;3.0
2003-0044-GRC;2003-0117-GRC;25610.0;0.51;1.0;1.0;2003-01-25 00:00:00+00:00;2003-02-19 00:00:00+00:00;25.0
2003-0053-IDN;2003-0074-IDN;40.0;1.0;0.0;1.0;2003-01-29 00:00:00+00:00;2003-01-28 00:00:00+00:00;1.0
2003-0060-IDN;2003-0074-IDN;1211.0;1.0;0.01;1.0;2003-01-31 00:00:00+00:00;2003-01-28 00:00:00+00:00;3.0
2003-0074-IDN;2003-0118-IDN;673.0;0.01;1.0;1.0;2003-01-28 00:00:00+00:00;2003-02-13 00:00:00+00:00;16.0
2003-0085-USA;2003-0741-USA;766530.0;0.29;0.43;0.43;2003-02-14 00:00:00+00:00;2003-02-15 00:00:00+00:00;1.0
2003-0190-BGD;2003-0250-BGD;37391.0;1.0;0.44;1.0;2003-04-16 00:00:00+00:00;2003-05-10 00:00:00+00:00;24.0
2003-0245-DZA;2003-0255-DZA;83.0;0.12;1.0;1.0;2003-05-21 00:00:00+00:00;2003-05-27 00:00:00+00:00;6.0
2003-0250-IND;2003-0283-IND;116381.0;0.05;0.35;0.35;2003-05-14 00:00:00+00:00;2003-06-11 00:00:00+00:00;28.0
2003-0288-AUS;2003-0292-AUS;356138.0;1.0;0.24;1.0;2003-05-18 00:00:00+00:00;2003-05-13 00:00:00+00:00;5.0
2003-0290-PHL;2003-0822-PHL;5908.0;0.3;0.09;0.3;2003-06-15 00:00:00+00:00;2003-07-15 00:00:00+00:00;30.0
2003-0322-IRN;2003-0438-IRN;207469.0;1.0;0.81;1.0;2003-07-03 00:00:00+00:00;2003-07-10 00:00:00+00:00;7.0
2003-0354-JPN;2003-0388-JPN;31903.0;0.84;0.06;0.84;2003-07-25 00:00:00+00:00;2003-08-08 00:00:00+00:00;14.0
2003-0443-CHN;2003-0724-CHN;152067.0;0.42;1.0;1.0;2003-09-01 00:00:00+00:00;2003-09-20 00:00:00+00:00;19.0
2003-0468-USA;2003-0511-USA;60651.0;0.08;0.96;0.96;2003-09-18 00:00:00+00:00;2003-10-17 00:00:00+00:00;29.0
2003-0505-VNM;2003-0557-VNM;23183.0;0.59;0.51;0.59;2003-10-15 00:00:00+00:00;2003-11-11 00:00:00+00:00;27.0
2003-0509-CHN;2003-0547-CHN;468714.0;1.0;1.0;1.0;2003-10-16 00:00:00+00:00;2003-11-14 00:00:00+00:00;29.0
2003-0519-CHN;2003-0546-CHN;652556.0;1.0;0.77;1.0;2003-10-25 00:00:00+00:00;2003-11-13 00:00:00+00:00;19.0
2003-0547-CHN;2003-0596-CHN;468714.0;1.0;1.0;1.0;2003-11-14 00:00:00+00:00;2003-11-26 00:00:00+00:00;12.0
2003-0579-BRA;2003-0673-BRA;2219.0;1.0;0.0;1.0;2003-11-29 00:00:00+00:00;2003-12-01 00:00:00+00:00;2.0
2003-0587-AUS;2003-0615-AUS;356138.0;1.0;1.0;1.0;2003-12-02 00:00:00+00:00;2003-12-03 00:00:00+00:00;1.0
2003-0593-IDN;2003-0776-IDN;31897.0;1.0;0.09;1.0;2003-11-30 00:00:00+00:00;2003-12-10 00:00:00+00:00;10.0
2003-0719-IND;2003-0720-IND;7658.0;1.0;1.0;1.0;2003-07-16 00:00:00+00:00;2003-08-07 00:00:00+00:00;22.0
2003-0776-IDN;2004-0001-IDN;90511.0;0.25;0.99;0.99;2003-12-10 00:00:00+00:00;2004-01-01 00:00:00+00:00;22.0
2003-0822-PHL;2003-0823-PHL;21835.0;0.32;0.38;0.38;2003-07-15 00:00:00+00:00;2003-07-30 00:00:00+00:00;15.0
2003-0824-PHL;2003-0826-PHL;23055.0;1.0;1.0;1.0;2003-08-04 00:00:00+00:00;2003-08-30 00:00:00+00:00;26.0
2004-0102-TUR;2004-0127-TUR;4225.0;0.03;0.79;0.79;2004-03-05 00:00:00+00:00;2004-03-25 00:00:00+00:00;20.0
2004-0102-TUR;2004-0132-TUR;5149.0;0.04;1.0;1.0;2004-03-05 00:00:00+00:00;2004-03-28 00:00:00+00:00;23.0
2004-0127-TUR;2004-0132-TUR;2398.0;0.45;0.46;0.46;2004-03-25 00:00:00+00:00;2004-03-28 00:00:00+00:00;3.0
2004-0149-NAM;2004-0159-NAM;15842.0;0.99;0.23;0.99;2004-03-01 00:00:00+00:00;2004-02-01 00:00:00+00:00;29.0
2004-0152-KEN;2004-0194-KEN;304.0;0.3;0.33;0.33;2004-04-09 00:00:00+00:00;2004-04-09 00:00:00+00:00;0.0
2004-0163-BIH;2004-0169-BIH;701.0;0.01;0.5;0.5;2004-04-06 00:00:00+00:00;2004-03-23 00:00:00+00:00;14.0
2004-0280-NIC;2004-0289-NIC;5595.0;0.15;0.99;0.99;2004-06-24 00:00:00+00:00;2004-06-12 00:00:00+00:00;12.0
2004-0287-CHN;2004-0299-CHN;221945.0;0.51;1.0;1.0;2004-06-14 00:00:00+00:00;2004-06-22 00:00:00+00:00;8.0
2004-0287-CHN;2004-0303-CHN;221945.0;0.51;0.96;0.96;2004-06-14 00:00:00+00:00;2004-06-05 00:00:00+00:00;9.0
2004-0287-CHN;2004-0310-CHN;8506.0;0.02;1.0;1.0;2004-06-14 00:00:00+00:00;2004-07-02 00:00:00+00:00;18.0
2004-0299-CHN;2004-0303-CHN;221945.0;1.0;0.96;1.0;2004-06-22 00:00:00+00:00;2004-06-05 00:00:00+00:00;17.0
2004-0307-CHL;2004-0331-CHL;40906.0;0.99;0.03;0.99;2004-06-30 00:00:00+00:00;2004-07-01 00:00:00+00:00;1.0
2004-0333-ROU;2004-0336-ROU;52539.0;0.11;1.0;1.0;2004-07-01 00:00:00+00:00;2004-07-10 00:00:00+00:00;9.0
2004-0333-ROU;2004-0356-ROU;54498.0;0.11;1.0;1.0;2004-07-01 00:00:00+00:00;2004-07-22 00:00:00+00:00;21.0
2004-0333-ROU;2004-0365-ROU;49098.0;0.1;1.0;1.0;2004-07-01 00:00:00+00:00;2004-07-28 00:00:00+00:00;27.0
2004-0336-ROU;2004-0356-ROU;17008.0;0.32;0.31;0.32;2004-07-10 00:00:00+00:00;2004-07-22 00:00:00+00:00;12.0
2004-0356-ROU;2004-0365-ROU;24978.0;0.46;0.51;0.51;2004-07-22 00:00:00+00:00;2004-07-28 00:00:00+00:00;6.0
2004-0402-NGA;2004-0413-NGA;16902.0;1.0;1.0;1.0;2004-08-08 00:00:00+00:00;2004-08-08 00:00:00+00:00;0.0
2004-0406-CHN;2004-0457-CHN;468714.0;1.0;0.29;1.0;2004-08-10 00:00:00+00:00;2004-09-02 00:00:00+00:00;23.0
2004-0412-CHN;2004-0435-CHN;135361.0;1.0;0.47;1.0;2004-08-06 00:00:00+00:00;2004-08-20 00:00:00+00:00;14.0
2004-0428-JPN;2004-0445-JPN;39438.0;1.0;0.52;1.0;2004-08-17 00:00:00+00:00;2004-08-30 00:00:00+00:00;13.0
2004-0435-JPN;2004-0445-JPN;12479.0;0.81;0.16;0.81;2004-08-23 00:00:00+00:00;2004-08-30 00:00:00+00:00;7.0
2004-0448-USA;2004-0462-USA;194724.0;0.62;0.1;0.62;2004-08-29 00:00:00+00:00;2004-09-15 00:00:00+00:00;17.0
2004-0462-USA;2004-0473-USA;192344.0;0.1;1.0;1.0;2004-09-15 00:00:00+00:00;2004-09-25 00:00:00+00:00;10.0
2004-0462-USA;2004-0502-USA;1376.0;0.0;1.0;1.0;2004-09-15 00:00:00+00:00;2004-09-08 00:00:00+00:00;7.0
2004-0580-PHL;2004-0609-PHL;33797.0;0.9;0.56;0.9;2004-11-14 00:00:00+00:00;2004-11-29 00:00:00+00:00;15.0
2004-0580-PHL;2004-0618-PHL;9283.0;0.25;0.5;0.5;2004-11-14 00:00:00+00:00;2004-11-30 00:00:00+00:00;16.0
2004-0602-PHL;2004-0609-PHL;3356.0;1.0;0.06;1.0;2004-11-23 00:00:00+00:00;2004-11-29 00:00:00+00:00;6.0
2004-0609-PHL;2004-0618-PHL;5622.0;0.09;0.31;0.31;2004-11-29 00:00:00+00:00;2004-11-30 00:00:00+00:00;1.0
2004-0635-THA;2005-9153-THA;1549.0;0.5;0.01;0.5;2004-12-10 00:00:00+00:00;2005-01-01 00:00:00+00:00;22.0
2004-0652-LKA;2004-0659-LKA;18354.0;0.63;0.62;0.63;2004-12-11 00:00:00+00:00;2004-12-26 00:00:00+00:00;15.0
2005-0015-USA;2005-0029-USA;460733.0;0.5;0.4;0.5;2005-01-07 00:00:00+00:00;2005-01-22 00:00:00+00:00;15.0
2005-0101-AFG;2005-0169-AFG;195280.0;1.0;1.0;1.0;2005-03-05 00:00:00+00:00;2005-03-05 00:00:00+00:00;0.0
2005-0129-JPN;2005-0211-JPN;7257.0;1.0;0.12;1.0;2005-03-20 00:00:00+00:00;2005-04-19 00:00:00+00:00;30.0
2005-0260-KEN;2005-0526-KEN;1797.0;0.01;1.0;1.0;2005-05-18 00:00:00+00:00;2005-06-17 00:00:00+00:00;30.0
2005-0291-IND;2005-0323-IND;115.0;1.0;0.0;1.0;2005-05-04 00:00:00+00:00;2005-06-01 00:00:00+00:00;28.0
2005-0307-CHN;2005-0751-CHN;1013233.0;0.8;0.74;0.8;2005-06-10 00:00:00+00:00;2005-07-01 00:00:00+00:00;21.0
2005-0322-AFG;2005-0360-AFG;21260.0;0.08;0.69;0.69;2005-06-16 00:00:00+00:00;2005-06-21 00:00:00+00:00;5.0
2005-0323-BGD;2005-0375-BGD;21259.0;0.13;0.99;0.99;2005-07-01 00:00:00+00:00;2005-07-07 00:00:00+00:00;6.0
2005-0323-BGD;2005-0391-BGD;2481.0;0.01;1.0;1.0;2005-07-01 00:00:00+00:00;2005-06-30 00:00:00+00:00;1.0
2005-0344-CHN;2005-0381-CHN;135361.0;0.11;1.0;1.0;2005-06-19 00:00:00+00:00;2005-07-15 00:00:00+00:00;26.0
2005-0344-CHN;2005-0730-CHN;152067.0;0.12;1.0;1.0;2005-06-19 00:00:00+00:00;2005-06-17 00:00:00+00:00;2.0
2005-0347-PAK;2005-0360-PAK;336821.0;0.37;0.91;0.91;2005-06-13 00:00:00+00:00;2005-06-21 00:00:00+00:00;8.0
2005-0378-HTI;2005-0382-HTI;1179.0;1.0;1.0;1.0;2005-07-14 00:00:00+00:00;2005-07-17 00:00:00+00:00;3.0
2005-0414-IRN;2005-0426-IRN;32451.0;1.0;1.0;1.0;2005-07-31 00:00:00+00:00;2005-08-09 00:00:00+00:00;9.0
2005-0471-IND;2005-0539-IND;4816.0;1.0;0.01;1.0;2005-08-26 00:00:00+00:00;2005-09-16 00:00:00+00:00;21.0
2005-0474-CHN;2005-0492-CHN;253988.0;1.0;0.27;1.0;2005-08-14 00:00:00+00:00;2005-09-01 00:00:00+00:00;18.0
2005-0492-CHN;2005-0510-CHN;135392.0;0.14;0.47;0.47;2005-09-01 00:00:00+00:00;2005-09-11 00:00:00+00:00;10.0
2005-0492-CHN;2005-0592-CHN;253988.0;0.27;0.45;0.45;2005-09-01 00:00:00+00:00;2005-09-29 00:00:00+00:00;28.0
2005-0584-VNM;2005-0611-VNM;11139.0;0.45;0.49;0.49;2005-10-07 00:00:00+00:00;2005-11-02 00:00:00+00:00;26.0
2005-0584-VNM;2005-0628-VNM;10641.0;0.43;0.23;0.43;2005-10-07 00:00:00+00:00;2005-10-20 00:00:00+00:00;13.0
2005-0585-HND;2005-0640-HND;436.0;0.99;0.01;0.99;2005-10-21 00:00:00+00:00;2005-11-18 00:00:00+00:00;28.0
2005-0585-HTI;2005-0586-HTI;2892.0;0.98;0.77;0.98;2005-10-19 00:00:00+00:00;2005-10-01 00:00:00+00:00;18.0
2005-0592-CHN;2005-0600-CHN;563559.0;1.0;1.0;1.0;2005-09-29 00:00:00+00:00;2005-10-03 00:00:00+00:00;4.0
2005-0599-IND;2005-0627-IND;34619.0;1.0;0.08;1.0;2005-10-21 00:00:00+00:00;2005-10-23 00:00:00+00:00;2.0
2005-0611-VNM;2005-0628-VNM;5879.0;0.26;0.13;0.26;2005-11-02 00:00:00+00:00;2005-10-20 00:00:00+00:00;13.0
2005-0718-IDN;2006-0007-IDN;1176.0;0.01;1.0;1.0;2005-12-31 00:00:00+00:00;2006-01-01 00:00:00+00:00;1.0
2005-0718-IDN;2006-0074-IDN;21581.0;0.24;0.32;0.32;2005-12-31 00:00:00+00:00;2006-01-26 00:00:00+00:00;26.0
2005-0725-AFG;2005-0736-AFG;100.0;1.0;0.0;1.0;2005-12-28 00:00:00+00:00;2005-12-27 00:00:00+00:00;1.0
2005-0736-AFG;2006-0021-AFG;13761.0;0.27;1.0;1.0;2005-12-27 00:00:00+00:00;2006-01-13 00:00:00+00:00;17.0
2006-0045-AFG;2006-0068-AFG;68702.0;1.0;1.0;1.0;2006-01-31 00:00:00+00:00;2006-02-01 00:00:00+00:00;1.0
2006-0192-IDN;2006-0196-IDN;3581.0;0.04;1.0;1.0;2006-04-19 00:00:00+00:00;2006-04-18 00:00:00+00:00;1.0
2006-0221-AFG;2006-0291-AFG;4354.0;0.08;1.0;1.0;2006-04-28 00:00:00+00:00;2006-05-01 00:00:00+00:00;3.0
2006-0250-CHN;2006-0732-CHN;221945.0;1.0;0.31;1.0;2006-04-21 00:00:00+00:00;2006-05-04 00:00:00+00:00;13.0
2006-0250-CHN;2006-9741-CHN;221662.0;1.0;0.11;1.0;2006-04-21 00:00:00+00:00;2006-05-01 00:00:00+00:00;10.0
2006-0251-CHN;2006-0323-CHN;364060.0;1.0;1.0;1.0;2006-05-18 00:00:00+00:00;2006-06-17 00:00:00+00:00;30.0
2006-0251-CHN;2006-0732-CHN;211993.0;0.58;0.3;0.58;2006-05-18 00:00:00+00:00;2006-05-04 00:00:00+00:00;14.0
2006-0262-IND;2006-0265-IND;110129.0;1.0;0.99;1.0;2006-05-31 00:00:00+00:00;2006-05-31 00:00:00+00:00;0.0
2006-0266-CHN;2006-9741-CHN;253740.0;1.0;0.12;1.0;2006-05-24 00:00:00+00:00;2006-05-01 00:00:00+00:00;23.0
2006-0300-CHN;2006-0367-CHN;284105.0;1.0;1.0;1.0;2006-06-08 00:00:00+00:00;2006-07-07 00:00:00+00:00;29.0
2006-0312-ROU;2006-0335-ROU;30544.0;0.16;1.0;1.0;2006-06-20 00:00:00+00:00;2006-06-30 00:00:00+00:00;10.0
2006-0312-ROU;2006-0348-ROU;9117.0;0.05;0.47;0.47;2006-06-20 00:00:00+00:00;2006-06-29 00:00:00+00:00;9.0
2006-0323-CHN;2006-0362-CHN;364060.0;1.0;0.29;1.0;2006-06-17 00:00:00+00:00;2006-07-16 00:00:00+00:00;29.0
2006-0328-IDN;2006-0332-IDN;17678.0;0.47;0.98;0.98;2006-06-24 00:00:00+00:00;2006-06-25 00:00:00+00:00;1.0
2006-0339-CHN;2006-0340-CHN;221345.0;1.0;1.0;1.0;2006-06-25 00:00:00+00:00;2006-06-25 00:00:00+00:00;0.0
2006-0339-CHN;2006-0464-CHN;221945.0;1.0;0.17;1.0;2006-06-25 00:00:00+00:00;2006-06-20 00:00:00+00:00;5.0
2006-0340-CHN;2006-0464-CHN;221345.0;1.0;0.16;1.0;2006-06-25 00:00:00+00:00;2006-06-20 00:00:00+00:00;5.0
2006-0341-USA;2006-0344-USA;5028.0;0.01;0.37;0.37;2006-06-25 00:00:00+00:00;2006-06-22 00:00:00+00:00;3.0
2006-0342-NPL;2006-9723-NPL;2410.0;0.47;0.03;0.47;2006-06-24 00:00:00+00:00;2006-07-01 00:00:00+00:00;7.0
2006-0345-PAK;2006-0389-PAK;7828.0;1.0;0.02;1.0;2006-07-03 00:00:00+00:00;2006-07-24 00:00:00+00:00;21.0
2006-0362-CHN;2006-0367-CHN;284105.0;0.22;1.0;1.0;2006-07-16 00:00:00+00:00;2006-07-07 00:00:00+00:00;9.0
2006-0362-CHN;2006-0388-CHN;984030.0;0.78;1.0;1.0;2006-07-16 00:00:00+00:00;2006-07-24 00:00:00+00:00;8.0
2006-0362-CHN;2006-0410-CHN;496098.0;0.39;0.93;0.93;2006-07-16 00:00:00+00:00;2006-08-03 00:00:00+00:00;18.0
2006-0362-CHN;2006-0437-CHN;287428.0;0.23;1.0;1.0;2006-07-16 00:00:00+00:00;2006-08-06 00:00:00+00:00;21.0
2006-0362-VNM;2006-0366-VNM;9359.0;0.24;1.0;1.0;2006-07-11 00:00:00+00:00;2006-07-09 00:00:00+00:00;2.0
2006-0362-VNM;2006-0429-VNM;16928.0;0.44;1.0;1.0;2006-07-11 00:00:00+00:00;2006-07-18 00:00:00+00:00;7.0
2006-0365-AFG;2006-0416-AFG;5769.0;0.29;0.19;0.29;2006-07-09 00:00:00+00:00;2006-07-30 00:00:00+00:00;21.0
2006-0365-AFG;2006-0424-AFG;5737.0;0.29;0.28;0.29;2006-07-09 00:00:00+00:00;2006-07-30 00:00:00+00:00;21.0
2006-0367-CHN;2006-0410-CHN;284105.0;1.0;0.53;1.0;2006-07-07 00:00:00+00:00;2006-08-03 00:00:00+00:00;27.0
2006-0369-IND;2006-0417-IND;4458.0;1.0;0.0;1.0;2006-07-04 00:00:00+00:00;2006-07-28 00:00:00+00:00;24.0
2006-0369-IND;2006-0443-IND;4457.0;1.0;0.02;1.0;2006-07-04 00:00:00+00:00;2006-08-01 00:00:00+00:00;28.0
2006-0370-IND;2006-0417-IND;12954.0;1.0;0.01;1.0;2006-07-03 00:00:00+00:00;2006-07-28 00:00:00+00:00;25.0
2006-0370-IND;2006-0712-IND;12954.0;1.0;0.03;1.0;2006-07-03 00:00:00+00:00;2006-08-01 00:00:00+00:00;29.0
2006-0388-CHN;2006-0410-CHN;212113.0;0.22;0.4;0.4;2006-07-24 00:00:00+00:00;2006-08-03 00:00:00+00:00;10.0
2006-0388-CHN;2006-0437-CHN;287428.0;0.29;1.0;1.0;2006-07-24 00:00:00+00:00;2006-08-06 00:00:00+00:00;13.0
2006-0389-PAK;2006-0414-PAK;279954.0;0.71;0.98;0.98;2006-07-24 00:00:00+00:00;2006-08-01 00:00:00+00:00;8.0
2006-0389-PAK;2006-0733-PAK;111741.0;0.28;1.0;1.0;2006-07-24 00:00:00+00:00;2006-08-03 00:00:00+00:00;10.0
2006-0392-CHN;2006-0397-CHN;468714.0;1.0;0.66;1.0;2006-07-20 00:00:00+00:00;2006-07-22 00:00:00+00:00;2.0
2006-0392-CHN;2006-0464-CHN;468714.0;1.0;0.35;1.0;2006-07-20 00:00:00+00:00;2006-06-20 00:00:00+00:00;30.0
2006-0405-AFG;2006-9570-AFG;2527.0;1.0;0.01;1.0;2006-07-29 00:00:00+00:00;2006-07-01 00:00:00+00:00;28.0
2006-0414-PAK;2006-0548-PAK;279954.0;0.98;1.0;1.0;2006-08-01 00:00:00+00:00;2006-08-31 00:00:00+00:00;30.0
2006-0416-AFG;2006-0424-AFG;19026.0;0.62;0.92;0.92;2006-07-30 00:00:00+00:00;2006-07-30 00:00:00+00:00;0.0
2006-0417-IND;2006-0443-IND;219305.0;0.11;1.0;1.0;2006-07-28 00:00:00+00:00;2006-08-01 00:00:00+00:00;4.0
2006-0417-IND;2006-0469-IND;105113.0;0.05;1.0;1.0;2006-07-28 00:00:00+00:00;2006-08-18 00:00:00+00:00;21.0
2006-0417-IND;2006-0712-IND;508890.0;0.24;1.0;1.0;2006-07-28 00:00:00+00:00;2006-08-01 00:00:00+00:00;4.0
2006-0422-SOM;2006-0550-SOM;4776.0;0.1;0.96;0.96;2006-08-04 00:00:00+00:00;2006-08-24 00:00:00+00:00;20.0
2006-0442-ETH;2006-0489-ETH;31394.0;0.11;1.0;1.0;2006-08-13 00:00:00+00:00;2006-08-23 00:00:00+00:00;10.0
2006-0466-HTI;2006-0716-HTI;5508.0;0.38;1.0;1.0;2006-08-25 00:00:00+00:00;2006-07-30 00:00:00+00:00;26.0
2006-0587-KEN;2006-0624-KEN;199456.0;0.85;0.78;0.85;2006-10-15 00:00:00+00:00;2006-10-23 00:00:00+00:00;8.0
2006-0600-PHL;2006-0610-PHL;14681.0;0.37;0.71;0.71;2006-10-30 00:00:00+00:00;2006-11-13 00:00:00+00:00;14.0
2006-0604-MEX;2006-0709-MEX;65381.0;1.0;0.03;1.0;2006-10-25 00:00:00+00:00;2006-11-01 00:00:00+00:00;7.0
2006-0648-PHL;2006-0667-PHL;12927.0;0.67;0.12;0.67;2006-11-30 00:00:00+00:00;2006-12-11 00:00:00+00:00;11.0
2006-0680-MYS;2007-0021-MYS;41669.0;0.68;1.0;1.0;2006-12-19 00:00:00+00:00;2007-01-11 00:00:00+00:00;23.0
2006-0702-PHL;2007-0022-PHL;9699.0;0.82;0.45;0.82;2006-12-27 00:00:00+00:00;2007-01-10 00:00:00+00:00;14.0
2006-0732-CHN;2006-9741-CHN;492699.0;0.7;0.24;0.7;2006-05-04 00:00:00+00:00;2006-05-01 00:00:00+00:00;3.0
2006-0737-BGD;2006-0738-BGD;4173.0;0.11;0.58;0.58;2006-04-05 00:00:00+00:00;2006-04-08 00:00:00+00:00;3.0
2007-0003-BRA;2007-0015-BRA;1346.0;0.0;1.0;1.0;2007-01-01 00:00:00+00:00;2007-01-10 00:00:00+00:00;9.0
2007-0010-ZMB;2007-0040-ZMB;18580.0;0.05;0.42;0.42;2007-01-10 00:00:00+00:00;2007-01-20 00:00:00+00:00;10.0
2007-0041-USA;2007-0066-USA;207825.0;0.11;0.28;0.28;2007-01-15 00:00:00+00:00;2007-02-14 00:00:00+00:00;30.0
2007-0156-USA;2007-0173-USA;948521.0;1.0;0.6;1.0;2007-04-24 00:00:00+00:00;2007-05-24 00:00:00+00:00;30.0
2007-0161-BGD;2007-0227-BGD;2481.0;0.07;1.0;1.0;2007-06-11 00:00:00+00:00;2007-05-15 00:00:00+00:00;27.0
2007-0173-USA;2007-0254-USA;1222996.0;0.78;1.0;1.0;2007-05-24 00:00:00+00:00;2007-06-17 00:00:00+00:00;24.0
2007-0178-AFG;2007-0185-AFG;19233.0;0.22;0.28;0.28;2007-05-14 00:00:00+00:00;2007-05-05 00:00:00+00:00;9.0
2007-0178-AFG;2007-0192-AFG;68752.0;0.78;0.8;0.8;2007-05-14 00:00:00+00:00;2007-04-23 00:00:00+00:00;21.0
2007-0185-AFG;2007-0192-AFG;17265.0;0.25;0.2;0.25;2007-05-05 00:00:00+00:00;2007-04-23 00:00:00+00:00;12.0
2007-0185-AFG;2007-0672-AFG;32117.0;0.47;1.0;1.0;2007-05-05 00:00:00+00:00;2007-04-30 00:00:00+00:00;5.0
2007-0225-IND;2007-0320-IND;21669.0;1.0;0.03;1.0;2007-06-18 00:00:00+00:00;2007-07-03 00:00:00+00:00;15.0
2007-0225-IND;2007-0602-IND;21675.0;1.0;0.08;1.0;2007-06-18 00:00:00+00:00;2007-07-12 00:00:00+00:00;24.0
2007-0238-IND;2007-0311-IND;14513.0;0.01;0.74;0.74;2007-07-01 00:00:00+00:00;2007-07-21 00:00:00+00:00;20.0
2007-0268-CHN;2007-0296-CHN;253988.0;0.13;1.0;1.0;2007-06-15 00:00:00+00:00;2007-06-29 00:00:00+00:00;14.0
2007-0281-HTI;2007-0360-HTI;801.0;0.99;0.03;0.99;2007-07-23 00:00:00+00:00;2007-08-18 00:00:00+00:00;26.0
2007-0284-PAK;2007-0412-PAK;111741.0;1.0;1.0;1.0;2007-07-20 00:00:00+00:00;2007-08-12 00:00:00+00:00;23.0
2007-0287-TJK;2007-0661-TJK;4880.0;0.99;0.88;0.99;2007-07-21 00:00:00+00:00;2007-07-22 00:00:00+00:00;1.0
2007-0304-ETH;2007-0363-ETH;47199.0;0.06;1.0;1.0;2007-07-29 00:00:00+00:00;2007-08-12 00:00:00+00:00;14.0
2007-0313-CHN;2007-0414-CHN;61226.0;0.12;0.25;0.25;2007-07-18 00:00:00+00:00;2007-08-09 00:00:00+00:00;22.0
2007-0319-JPN;2007-0358-JPN;80676.0;0.93;0.21;0.93;2007-07-04 00:00:00+00:00;2007-08-01 00:00:00+00:00;28.0
2007-0320-IND;2007-0602-IND;98128.0;0.12;0.38;0.38;2007-07-03 00:00:00+00:00;2007-07-12 00:00:00+00:00;9.0
2007-0339-MRT;2007-0402-MRT;2575.0;0.06;1.0;1.0;2007-08-07 00:00:00+00:00;2007-08-31 00:00:00+00:00;24.0
2007-0346-PHL;2007-0380-PHL;18408.0;1.0;0.44;1.0;2007-08-08 00:00:00+00:00;2007-08-17 00:00:00+00:00;9.0
2007-0360-MEX;2007-0435-MEX;78151.0;0.26;0.32;0.32;2007-08-21 00:00:00+00:00;2007-09-04 00:00:00+00:00;14.0
2007-0380-CHN;2007-0387-CHN;983521.0;1.0;1.0;1.0;2007-08-18 00:00:00+00:00;2007-08-18 00:00:00+00:00;0.0
2007-0419-NGA;2007-0595-NGA;16898.0;0.05;1.0;1.0;2007-08-04 00:00:00+00:00;2007-08-01 00:00:00+00:00;3.0
2007-0435-MEX;2007-0464-MEX;78120.0;0.32;0.67;0.67;2007-09-04 00:00:00+00:00;2007-09-28 00:00:00+00:00;24.0
2007-0457-CHN;2007-0552-CHN;135361.0;1.0;0.47;1.0;2007-09-20 00:00:00+00:00;2007-10-02 00:00:00+00:00;12.0
2007-0463-VNM;2007-0512-VNM;22028.0;0.22;0.81;0.81;2007-09-29 00:00:00+00:00;2007-10-14 00:00:00+00:00;15.0
2007-0463-VNM;2007-0522-VNM;25801.0;0.26;0.83;0.83;2007-09-29 00:00:00+00:00;2007-10-28 00:00:00+00:00;29.0
2007-0466-CRI;2007-0503-CRI;15781.0;1.0;0.96;1.0;2007-09-20 00:00:00+00:00;2007-10-12 00:00:00+00:00;22.0
2007-0470-KOR;2007-0598-KOR;2679.0;0.13;1.0;1.0;2007-09-16 00:00:00+00:00;2007-09-04 00:00:00+00:00;12.0
2007-0496-HTI;2007-0523-HTI;9262.0;0.38;0.92;0.92;2007-10-07 00:00:00+00:00;2007-10-28 00:00:00+00:00;21.0
2007-0512-VNM;2007-0522-VNM;22229.0;0.81;0.72;0.81;2007-10-14 00:00:00+00:00;2007-10-28 00:00:00+00:00;14.0
2007-0512-VNM;2007-0558-VNM;27284.0;1.0;0.65;1.0;2007-10-14 00:00:00+00:00;2007-11-10 00:00:00+00:00;27.0
2007-0522-VNM;2007-0558-VNM;22229.0;0.72;0.53;0.72;2007-10-28 00:00:00+00:00;2007-11-10 00:00:00+00:00;13.0
2007-0525-PHL;2007-0576-PHL;1570.0;0.47;0.08;0.47;2007-10-27 00:00:00+00:00;2007-11-25 00:00:00+00:00;29.0
2007-0560-PHL;2007-0576-PHL;11305.0;0.54;0.59;0.59;2007-11-04 00:00:00+00:00;2007-11-25 00:00:00+00:00;21.0
2007-0610-IDN;2008-0013-IDN;4544.0;0.05;0.99;0.99;2007-12-25 00:00:00+00:00;2008-01-02 00:00:00+00:00;8.0
2007-0614-MOZ;2007-0616-MOZ;11172.0;0.04;1.0;1.0;2007-12-11 00:00:00+00:00;2007-12-19 00:00:00+00:00;8.0
2008-0014-AUS;2008-0017-AUS;597578.0;0.29;0.35;0.35;2008-01-03 00:00:00+00:00;2008-01-14 00:00:00+00:00;11.0
2008-0042-IDN;2008-0092-IDN;673.0;1.0;0.0;1.0;2008-02-01 00:00:00+00:00;2008-02-11 00:00:00+00:00;10.0
2008-0043-MDG;2008-0070-MDG;35689.0;0.37;0.16;0.37;2008-01-27 00:00:00+00:00;2008-02-17 00:00:00+00:00;21.0
2008-0052-IDN;2008-0092-IDN;1535.0;1.0;0.01;1.0;2008-01-30 00:00:00+00:00;2008-02-11 00:00:00+00:00;12.0
2008-0067-IDN;2008-0092-IDN;1675.0;0.99;0.01;0.99;2008-02-08 00:00:00+00:00;2008-02-11 00:00:00+00:00;3.0
2008-0077-PHL;2008-0611-PHL;109.0;0.0;0.3;0.3;2008-02-12 00:00:00+00:00;2008-01-18 00:00:00+00:00;25.0
2008-0192-CHN;2008-0212-CHN;1285211.0;0.44;0.51;0.51;2008-05-12 00:00:00+00:00;2008-05-27 00:00:00+00:00;15.0
2008-0192-CHN;2008-0243-CHN;1215713.0;0.42;0.54;0.54;2008-05-12 00:00:00+00:00;2008-06-07 00:00:00+00:00;26.0
2008-0192-CHN;2008-0263-CHN;253988.0;0.09;1.0;1.0;2008-05-12 00:00:00+00:00;2008-05-02 00:00:00+00:00;10.0
2008-0192-CHN;2008-0652-CHN;240925.0;0.08;1.0;1.0;2008-05-12 00:00:00+00:00;2008-06-03 00:00:00+00:00;22.0
2008-0212-CHN;2008-0243-CHN;1456439.0;0.58;0.65;0.65;2008-05-27 00:00:00+00:00;2008-06-07 00:00:00+00:00;11.0
2008-0212-CHN;2008-0249-CHN;1081797.0;0.43;1.0;1.0;2008-05-27 00:00:00+00:00;2008-06-24 00:00:00+00:00;28.0
2008-0212-CHN;2008-0263-CHN;253988.0;0.1;1.0;1.0;2008-05-27 00:00:00+00:00;2008-05-02 00:00:00+00:00;25.0
2008-0212-CHN;2008-0650-CHN;656224.0;0.26;1.0;1.0;2008-05-27 00:00:00+00:00;2008-05-25 00:00:00+00:00;2.0
2008-0243-CHN;2008-0249-CHN;425650.0;0.19;0.39;0.39;2008-06-07 00:00:00+00:00;2008-06-24 00:00:00+00:00;17.0
2008-0243-CHN;2008-0598-CHN;722702.0;0.32;1.0;1.0;2008-06-07 00:00:00+00:00;2008-07-07 00:00:00+00:00;30.0
2008-0246-IND;2008-0285-IND;2623066.0;0.96;0.97;0.97;2008-06-11 00:00:00+00:00;2008-07-05 00:00:00+00:00;24.0
2008-0246-IND;2008-0646-IND;304260.0;0.11;1.0;1.0;2008-06-11 00:00:00+00:00;2008-05-14 00:00:00+00:00;28.0
2008-0249-CHN;2008-0596-CHN;77114.0;0.07;1.0;1.0;2008-06-24 00:00:00+00:00;2008-07-08 00:00:00+00:00;14.0
2008-0249-CHN;2008-0650-CHN;656224.0;0.61;1.0;1.0;2008-06-24 00:00:00+00:00;2008-05-25 00:00:00+00:00;30.0
2008-0285-IND;2008-0615-IND;427974.0;0.16;1.0;1.0;2008-07-05 00:00:00+00:00;2008-07-20 00:00:00+00:00;15.0
2008-0288-MEX;2008-0304-MEX;173496.0;0.45;0.31;0.45;2008-07-06 00:00:00+00:00;2008-07-20 00:00:00+00:00;14.0
2008-0292-CHN;2008-0325-CHN;656224.0;0.49;1.0;1.0;2008-07-28 00:00:00+00:00;2008-08-05 00:00:00+00:00;8.0
2008-0292-CHN;2008-0596-CHN;77114.0;0.06;1.0;1.0;2008-07-28 00:00:00+00:00;2008-07-08 00:00:00+00:00;20.0
2008-0292-PHL;2008-0329-PHL;7332.0;1.0;0.11;1.0;2008-07-28 00:00:00+00:00;2008-08-04 00:00:00+00:00;7.0
2008-0292-PHL;2008-0369-PHL;2914.0;0.4;0.11;0.4;2008-07-28 00:00:00+00:00;2008-08-22 00:00:00+00:00;25.0
2008-0325-CHN;2008-0374-CHN;656224.0;1.0;0.58;1.0;2008-08-05 00:00:00+00:00;2008-08-30 00:00:00+00:00;25.0
2008-0325-CHN;2008-0596-CHN;77114.0;0.12;1.0;1.0;2008-08-05 00:00:00+00:00;2008-07-08 00:00:00+00:00;28.0
2008-0329-PHL;2008-0369-PHL;16729.0;0.25;0.63;0.63;2008-08-04 00:00:00+00:00;2008-08-22 00:00:00+00:00;18.0
2008-0329-PHL;2008-0608-PHL;14347.0;0.22;1.0;1.0;2008-08-04 00:00:00+00:00;2008-08-08 00:00:00+00:00;4.0
2008-0329-PHL;2008-0621-PHL;3556.0;0.05;0.27;0.27;2008-08-04 00:00:00+00:00;2008-07-18 00:00:00+00:00;17.0
2008-0329-VNM;2008-0373-VNM;9359.0;0.13;1.0;1.0;2008-08-08 00:00:00+00:00;2008-08-26 00:00:00+00:00;18.0
2008-0338-USA;2008-0352-USA;364736.0;0.47;0.25;0.47;2008-08-20 00:00:00+00:00;2008-09-01 00:00:00+00:00;12.0
2008-0338-USA;2008-0378-USA;192344.0;0.25;0.45;0.45;2008-08-20 00:00:00+00:00;2008-08-28 00:00:00+00:00;8.0
2008-0352-HTI;2008-0378-HTI;9733.0;0.41;0.8;0.8;2008-08-26 00:00:00+00:00;2008-09-02 00:00:00+00:00;7.0
2008-0352-HTI;2008-0384-HTI;5508.0;0.23;1.0;1.0;2008-08-26 00:00:00+00:00;2008-09-06 00:00:00+00:00;11.0
2008-0355-CHN;2008-0374-CHN;468714.0;1.0;0.42;1.0;2008-08-21 00:00:00+00:00;2008-08-30 00:00:00+00:00;9.0
2008-0355-CHN;2008-0416-CHN;468714.0;1.0;1.0;1.0;2008-08-21 00:00:00+00:00;2008-08-07 00:00:00+00:00;14.0
2008-0374-CHN;2008-0416-CHN;468714.0;0.42;1.0;1.0;2008-08-30 00:00:00+00:00;2008-08-07 00:00:00+00:00;23.0
2008-0374-CHN;2008-0426-CHN;656224.0;0.58;0.57;0.58;2008-08-30 00:00:00+00:00;2008-09-24 00:00:00+00:00;25.0
2008-0378-HTI;2008-0384-HTI;2345.0;0.19;0.43;0.43;2008-09-02 00:00:00+00:00;2008-09-06 00:00:00+00:00;4.0
2008-0383-IDN;2008-0618-IDN;184130.0;0.5;0.46;0.5;2008-09-06 00:00:00+00:00;2008-10-01 00:00:00+00:00;25.0
2008-0437-VNM;2008-0501-VNM;15512.0;1.0;0.26;1.0;2008-09-30 00:00:00+00:00;2008-10-27 00:00:00+00:00;27.0
2008-0457-NIC;2008-0484-NIC;6221.0;0.46;0.28;0.46;2008-09-24 00:00:00+00:00;2008-10-18 00:00:00+00:00;24.0
2008-0481-VNM;2008-0501-VNM;31271.0;0.53;0.52;0.53;2008-10-19 00:00:00+00:00;2008-10-27 00:00:00+00:00;8.0
2008-0481-VNM;2008-0552-VNM;11395.0;0.19;0.27;0.27;2008-10-19 00:00:00+00:00;2008-11-17 00:00:00+00:00;29.0
2008-0482-KEN;2008-0518-KEN;26105.0;1.0;0.15;1.0;2008-10-14 00:00:00+00:00;2008-11-10 00:00:00+00:00;27.0
2008-0540-PHL;2008-0545-PHL;10309.0;0.42;0.53;0.53;2008-11-06 00:00:00+00:00;2008-11-21 00:00:00+00:00;15.0
2008-0540-PHL;2008-0571-PHL;17934.0;0.74;0.15;0.74;2008-11-06 00:00:00+00:00;2008-12-01 00:00:00+00:00;25.0
2008-0545-PHL;2008-0571-PHL;19298.0;0.98;0.16;0.98;2008-11-21 00:00:00+00:00;2008-12-01 00:00:00+00:00;10.0
2008-0570-MYS;2008-0634-MYS;61430.0;1.0;0.32;1.0;2008-12-01 00:00:00+00:00;2008-12-28 00:00:00+00:00;27.0
2008-0599-USA;2008-0600-USA;1378265.0;0.66;0.29;0.66;2008-01-29 00:00:00+00:00;2008-01-04 00:00:00+00:00;25.0
2008-0635-IDN;2009-0049-IDN;353.0;0.37;1.0;1.0;2008-12-26 00:00:00+00:00;2009-01-18 00:00:00+00:00;23.0
2009-0026-PHL;2009-0027-PHL;37.0;0.0;0.58;0.58;2009-01-09 00:00:00+00:00;2009-01-08 00:00:00+00:00;1.0
2009-0048-AUS;2009-0615-AUS;709414.0;0.35;0.2;0.35;2009-01-26 00:00:00+00:00;2009-01-13 00:00:00+00:00;13.0
2009-0063-IDN;2009-0112-IDN;799.0;0.0;0.99;0.99;2009-01-27 00:00:00+00:00;2009-02-11 00:00:00+00:00;15.0
2009-0139-AFG;2009-0168-AFG;71062.0;0.42;0.3;0.42;2009-04-04 00:00:00+00:00;2009-03-25 00:00:00+00:00;10.0
2009-0143-PER;2009-0152-PER;2558.0;0.38;1.0;1.0;2009-04-12 00:00:00+00:00;2009-05-05 00:00:00+00:00;23.0
2009-0218-CHN;2009-0235-CHN;3793.0;1.0;0.03;1.0;2009-06-05 00:00:00+00:00;2009-06-19 00:00:00+00:00;14.0
2009-0218-CHN;2009-0292-CHN;3803.0;1.0;0.0;1.0;2009-06-05 00:00:00+00:00;2009-07-01 00:00:00+00:00;26.0
2009-0227-CHN;2009-0292-CHN;221517.0;1.0;0.07;1.0;2009-07-01 00:00:00+00:00;2009-07-01 00:00:00+00:00;0.0
2009-0227-CHN;2009-0613-CHN;221345.0;1.0;0.2;1.0;2009-07-01 00:00:00+00:00;2009-07-26 00:00:00+00:00;25.0
2009-0227-CHN;2009-0636-CHN;221414.0;1.0;0.45;1.0;2009-07-01 00:00:00+00:00;2009-06-07 00:00:00+00:00;24.0
2009-0235-CHN;2009-0292-CHN;110414.0;1.0;0.04;1.0;2009-06-19 00:00:00+00:00;2009-07-01 00:00:00+00:00;12.0
2009-0240-IND;2009-0409-IND;116567.0;0.55;0.12;0.55;2009-06-28 00:00:00+00:00;2009-07-01 00:00:00+00:00;3.0
2009-0240-IND;2009-9323-IND;156456.0;0.74;0.1;0.74;2009-06-28 00:00:00+00:00;2009-07-01 00:00:00+00:00;3.0
2009-0249-CHN;2009-0292-CHN;468714.0;1.0;0.15;1.0;2009-07-09 00:00:00+00:00;2009-07-01 00:00:00+00:00;8.0
2009-0265-PHL;2009-0311-PHL;57.0;0.01;1.0;1.0;2009-07-18 00:00:00+00:00;2009-08-05 00:00:00+00:00;18.0
2009-0284-CHN;2009-0292-CHN;28942.0;1.0;0.01;1.0;2009-07-14 00:00:00+00:00;2009-07-01 00:00:00+00:00;13.0
2009-0284-CHN;2009-0613-CHN;28942.0;1.0;0.03;1.0;2009-07-14 00:00:00+00:00;2009-07-26 00:00:00+00:00;12.0
2009-0292-CHN;2009-0613-CHN;1091779.0;0.35;1.0;1.0;2009-07-01 00:00:00+00:00;2009-07-26 00:00:00+00:00;25.0
2009-0292-CHN;2009-0636-CHN;493164.0;0.16;1.0;1.0;2009-07-01 00:00:00+00:00;2009-06-07 00:00:00+00:00;24.0
2009-0304-BGD;2009-9323-BGD;114095.0;1.0;0.68;1.0;2009-07-29 00:00:00+00:00;2009-07-01 00:00:00+00:00;28.0
2009-0313-CHN;2009-0378-CHN;2902.0;1.0;0.0;1.0;2009-08-06 00:00:00+00:00;2009-08-28 00:00:00+00:00;22.0
2009-0313-CHN;2009-0613-CHN;2902.0;1.0;0.0;1.0;2009-08-06 00:00:00+00:00;2009-07-26 00:00:00+00:00;11.0
2009-0321-CHN;2009-0613-CHN;213686.0;0.25;0.2;0.25;2009-08-09 00:00:00+00:00;2009-07-26 00:00:00+00:00;14.0
2009-0356-PRY;2009-0450-PRY;14444.0;0.16;0.4;0.4;2009-09-08 00:00:00+00:00;2009-09-22 00:00:00+00:00;14.0
2009-0373-PHL;2009-0414-PHL;3094.0;0.25;0.13;0.25;2009-09-08 00:00:00+00:00;2009-09-24 00:00:00+00:00;16.0
2009-0373-PHL;2009-0422-PHL;3190.0;0.26;0.03;0.26;2009-09-08 00:00:00+00:00;2009-09-29 00:00:00+00:00;21.0
2009-0374-PHL;2009-0414-PHL;1065.0;0.49;0.04;0.49;2009-09-12 00:00:00+00:00;2009-09-24 00:00:00+00:00;12.0
2009-0383-IND;2009-0429-IND;464.0;1.0;0.0;1.0;2009-09-03 00:00:00+00:00;2009-09-25 00:00:00+00:00;22.0
2009-0409-IND;2009-9323-IND;278995.0;0.29;0.17;0.29;2009-07-01 00:00:00+00:00;2009-07-01 00:00:00+00:00;0.0
2009-0414-PHL;2009-0422-PHL;6043.0;0.25;0.06;0.25;2009-09-24 00:00:00+00:00;2009-09-29 00:00:00+00:00;5.0
2009-0422-PHL;2009-0478-PHL;23377.0;0.22;0.5;0.5;2009-09-29 00:00:00+00:00;2009-10-28 00:00:00+00:00;29.0
2009-0477-MEX;2009-0515-MEX;26442.0;1.0;1.0;1.0;2009-11-08 00:00:00+00:00;2009-11-01 00:00:00+00:00;7.0
2009-0487-CHN;2009-0499-CHN;449088.0;0.24;1.0;1.0;2009-11-09 00:00:00+00:00;2009-11-11 00:00:00+00:00;2.0
2009-0511-MYS;2009-0610-MYS;12446.0;0.24;1.0;1.0;2009-11-23 00:00:00+00:00;2009-11-20 00:00:00+00:00;3.0
2009-0547-MWI;2009-0573-MWI;9076.0;1.0;1.0;1.0;2009-12-08 00:00:00+00:00;2009-12-20 00:00:00+00:00;12.0
2009-0615-AUS;2009-0616-AUS;1479108.0;0.42;0.92;0.92;2009-01-13 00:00:00+00:00;2009-01-27 00:00:00+00:00;14.0
2009-0641-IND;2009-9323-IND;223464.0;0.73;0.14;0.73;2009-06-07 00:00:00+00:00;2009-07-01 00:00:00+00:00;24.0
2010-0027-USA;2010-0045-USA;42631.0;0.5;0.07;0.5;2010-01-10 00:00:00+00:00;2010-02-05 00:00:00+00:00;26.0
2010-0045-USA;2010-0089-USA;239289.0;0.37;0.29;0.37;2010-02-05 00:00:00+00:00;2010-02-23 00:00:00+00:00;18.0
2010-0053-PAK;2010-0073-PAK;10527.0;0.46;1.0;1.0;2010-02-08 00:00:00+00:00;2010-02-18 00:00:00+00:00;10.0
2010-0070-ZMB;2010-0116-ZMB;10981.0;1.0;0.06;1.0;2010-02-22 00:00:00+00:00;2010-03-01 00:00:00+00:00;7.0
2010-0089-USA;2010-0612-USA;604399.0;0.73;1.0;1.0;2010-02-23 00:00:00+00:00;2010-03-13 00:00:00+00:00;18.0
2010-0162-USA;2010-0612-USA;5146.0;1.0;0.01;1.0;2010-03-27 00:00:00+00:00;2010-03-13 00:00:00+00:00;14.0
2010-0163-USA;2010-0187-USA;564762.0;0.6;0.63;0.63;2010-04-24 00:00:00+00:00;2010-04-30 00:00:00+00:00;6.0
2010-0171-BGD;2010-0205-BGD;1492.0;0.08;1.0;1.0;2010-04-13 00:00:00+00:00;2010-04-17 00:00:00+00:00;4.0
2010-0171-IND;2010-0177-IND;116525.0;0.37;0.28;0.37;2010-04-13 00:00:00+00:00;2010-05-06 00:00:00+00:00;23.0
2010-0171-IND;2010-0694-IND;4357.0;0.01;1.0;1.0;2010-04-13 00:00:00+00:00;2010-04-10 00:00:00+00:00;3.0
2010-0174-TJK;2010-0175-TJK;5243.0;0.46;0.54;0.54;2010-04-11 00:00:00+00:00;2010-05-06 00:00:00+00:00;25.0
2010-0211-GTM;2010-0220-GTM;8043.0;0.14;0.99;0.99;2010-05-28 00:00:00+00:00;2010-05-27 00:00:00+00:00;1.0
2010-0216-CHN;2010-0239-CHN;284105.0;1.0;0.06;1.0;2010-05-30 00:00:00+00:00;2010-05-29 00:00:00+00:00;1.0
2010-0232-PHL;2010-0281-PHL;4545.0;1.0;0.53;1.0;2010-05-28 00:00:00+00:00;2010-06-01 00:00:00+00:00;4.0
2010-0239-CHN;2010-0262-CHN;1817.0;0.0;1.0;1.0;2010-05-29 00:00:00+00:00;2010-06-28 00:00:00+00:00;30.0
2010-0239-CHN;2010-0344-CHN;364568.0;0.07;1.0;1.0;2010-05-29 00:00:00+00:00;2010-06-01 00:00:00+00:00;3.0
2010-0293-PAK;2010-0341-PAK;4492.0;1.0;0.01;1.0;2010-07-21 00:00:00+00:00;2010-07-28 00:00:00+00:00;7.0
2010-0294-BOL;2010-9253-BOL;392481.0;1.0;0.79;1.0;2010-07-01 00:00:00+00:00;2010-06-01 00:00:00+00:00;30.0
2010-0295-NER;2010-0379-NER;199145.0;1.0;0.16;1.0;2010-07-19 00:00:00+00:00;2010-08-01 00:00:00+00:00;13.0
2010-0297-SAU;2010-0338-SAU;276480.0;0.76;1.0;1.0;2010-07-23 00:00:00+00:00;2010-07-10 00:00:00+00:00;13.0
2010-0311-JPN;2010-0331-JPN;38451.0;1.0;0.1;1.0;2010-07-18 00:00:00+00:00;2010-07-19 00:00:00+00:00;1.0
2010-0354-CHN;2010-0405-CHN;2902.0;1.0;0.0;1.0;2010-07-27 00:00:00+00:00;2010-08-13 00:00:00+00:00;17.0
2010-0369-PRK;2010-0415-PRK;31779.0;1.0;0.24;1.0;2010-07-27 00:00:00+00:00;2010-08-21 00:00:00+00:00;25.0
2010-0377-CHN;2010-0405-CHN;3739.0;1.0;0.0;1.0;2010-08-07 00:00:00+00:00;2010-08-13 00:00:00+00:00;6.0
2010-0394-CHN;2010-0405-CHN;5611.0;1.0;0.0;1.0;2010-08-14 00:00:00+00:00;2010-08-13 00:00:00+00:00;1.0
2010-0394-CHN;2010-0673-CHN;5611.0;1.0;0.0;1.0;2010-08-14 00:00:00+00:00;2010-08-29 00:00:00+00:00;15.0
2010-0405-CHN;2010-0673-CHN;656224.0;0.5;0.58;0.58;2010-08-13 00:00:00+00:00;2010-08-29 00:00:00+00:00;16.0
2010-0411-CHN;2010-0673-CHN;5530.0;1.0;0.0;1.0;2010-08-18 00:00:00+00:00;2010-08-29 00:00:00+00:00;11.0
2010-0426-MEX;2010-0467-MEX;204365.0;1.0;0.57;1.0;2010-08-23 00:00:00+00:00;2010-09-20 00:00:00+00:00;28.0
2010-0426-MEX;2010-0494-MEX;104493.0;0.51;0.35;0.51;2010-08-23 00:00:00+00:00;2010-09-15 00:00:00+00:00;23.0
2010-0428-IND;2010-0492-IND;116539.0;0.55;0.27;0.55;2010-08-25 00:00:00+00:00;2010-09-18 00:00:00+00:00;24.0
2010-0442-GTM;2010-0459-GTM;6398.0;0.07;0.4;0.4;2010-08-27 00:00:00+00:00;2010-09-04 00:00:00+00:00;8.0
2010-0442-GTM;2010-0503-GTM;57537.0;0.61;0.93;0.93;2010-08-27 00:00:00+00:00;2010-09-25 00:00:00+00:00;29.0
2010-0464-CHN;2010-0673-CHN;23316.0;1.0;0.02;1.0;2010-09-06 00:00:00+00:00;2010-08-29 00:00:00+00:00;8.0
2010-0467-MEX;2010-0494-MEX;104496.0;0.29;0.35;0.35;2010-09-20 00:00:00+00:00;2010-09-15 00:00:00+00:00;5.0
2010-0467-MEX;2010-0503-MEX;284977.0;0.8;1.0;1.0;2010-09-20 00:00:00+00:00;2010-09-25 00:00:00+00:00;5.0
2010-0467-MEX;2010-0510-MEX;86302.0;0.24;1.0;1.0;2010-09-20 00:00:00+00:00;2010-09-28 00:00:00+00:00;8.0
2010-0484-CHN;2010-0691-CHN;152067.0;0.42;0.53;0.53;2010-09-20 00:00:00+00:00;2010-09-09 00:00:00+00:00;11.0
2010-0492-IND;2010-0493-IND;304260.0;0.71;0.71;0.71;2010-09-18 00:00:00+00:00;2010-09-09 00:00:00+00:00;9.0
2010-0494-MEX;2010-0503-MEX;104493.0;0.35;0.37;0.37;2010-09-15 00:00:00+00:00;2010-09-25 00:00:00+00:00;10.0
2010-0503-MEX;2010-0510-MEX;86302.0;0.3;1.0;1.0;2010-09-25 00:00:00+00:00;2010-09-28 00:00:00+00:00;3.0
2010-0508-HTI;2010-0542-HTI;810.0;1.0;1.0;1.0;2010-09-24 00:00:00+00:00;2010-10-18 00:00:00+00:00;24.0
2010-0515-VNM;2010-0539-VNM;34132.0;0.77;1.0;1.0;2010-10-01 00:00:00+00:00;2010-10-14 00:00:00+00:00;13.0
2010-0542-HTI;2010-0571-HTI;810.0;1.0;0.17;1.0;2010-10-18 00:00:00+00:00;2010-11-04 00:00:00+00:00;17.0
2010-0543-PHL;2010-0585-PHL;5751.0;0.69;0.19;0.69;2010-10-18 00:00:00+00:00;2010-11-01 00:00:00+00:00;14.0
2010-0573-VNM;2010-0597-VNM;5575.0;0.14;0.25;0.25;2010-10-29 00:00:00+00:00;2010-11-12 00:00:00+00:00;14.0
2010-0582-ITA;2010-0615-ITA;36643.0;0.81;0.18;0.81;2010-11-08 00:00:00+00:00;2010-12-01 00:00:00+00:00;23.0
2010-0582-ITA;2010-0692-ITA;36643.0;0.81;0.18;0.81;2010-11-08 00:00:00+00:00;2010-10-31 00:00:00+00:00;8.0
2010-0615-DEU;2010-0652-DEU;899.0;0.69;0.02;0.69;2010-11-28 00:00:00+00:00;2010-12-23 00:00:00+00:00;25.0
2010-0651-USA;2011-9363-USA;434157.0;0.3;0.16;0.3;2010-12-19 00:00:00+00:00;2011-01-01 00:00:00+00:00;13.0
2010-0678-ZAF;2011-0100-ZAF;1420659.0;1.0;0.88;1.0;2010-12-15 00:00:00+00:00;2011-01-01 00:00:00+00:00;17.0
2011-0015-MOZ;2011-0072-MOZ;70158.0;1.0;0.17;1.0;2011-01-12 00:00:00+00:00;2011-01-01 00:00:00+00:00;11.0
2011-0021-PHL;2011-0044-PHL;20022.0;0.4;1.0;1.0;2011-01-25 00:00:00+00:00;2011-02-01 00:00:00+00:00;7.0
2011-0024-LKA;2011-0049-LKA;24183.0;0.57;0.77;0.77;2011-01-05 00:00:00+00:00;2011-02-01 00:00:00+00:00;27.0
2011-0029-USA;2011-0608-USA;2963.0;0.0;0.37;0.37;2011-01-31 00:00:00+00:00;2011-01-17 00:00:00+00:00;14.0
2011-0029-USA;2011-9363-USA;1223031.0;0.38;0.46;0.46;2011-01-31 00:00:00+00:00;2011-01-01 00:00:00+00:00;30.0
2011-0040-BOL;2011-0107-BOL;4192.0;0.0;1.0;1.0;2011-02-14 00:00:00+00:00;2011-02-26 00:00:00+00:00;12.0
2011-0079-CHN;2011-0090-CHN;468714.0;0.66;1.0;1.0;2011-03-10 00:00:00+00:00;2011-03-24 00:00:00+00:00;14.0
2011-0082-IDN;2011-0575-IDN;318295.0;1.0;1.0;1.0;2011-03-11 00:00:00+00:00;2011-04-01 00:00:00+00:00;21.0
2011-0082-IDN;2011-0645-IDN;318295.0;1.0;1.0;1.0;2011-03-11 00:00:00+00:00;2011-03-17 00:00:00+00:00;6.0
2011-0134-USA;2011-0145-USA;639529.0;0.3;0.43;0.43;2011-04-14 00:00:00+00:00;2011-04-22 00:00:00+00:00;8.0
2011-0134-USA;2011-0609-USA;7159.0;0.0;1.0;1.0;2011-04-14 00:00:00+00:00;2011-04-03 00:00:00+00:00;11.0
2011-0145-USA;2011-0166-USA;802838.0;0.55;0.76;0.76;2011-04-22 00:00:00+00:00;2011-05-01 00:00:00+00:00;9.0
2011-0145-USA;2011-0609-USA;4195.0;0.0;0.59;0.59;2011-04-22 00:00:00+00:00;2011-04-03 00:00:00+00:00;19.0
2011-0156-CHN;2011-0227-CHN;8164.0;0.71;0.0;0.71;2011-05-09 00:00:00+00:00;2011-06-01 00:00:00+00:00;23.0
2011-0157-PHL;2011-0555-PHL;12614.0;0.26;0.17;0.26;2011-05-08 00:00:00+00:00;2011-05-20 00:00:00+00:00;12.0
2011-0166-USA;2011-0189-USA;294559.0;0.28;0.19;0.28;2011-05-01 00:00:00+00:00;2011-05-24 00:00:00+00:00;23.0
2011-0166-USA;2011-0646-USA;294586.0;0.28;0.14;0.28;2011-05-01 00:00:00+00:00;2011-05-15 00:00:00+00:00;14.0
2011-0176-IND;2011-0647-IND;304260.0;1.0;0.81;1.0;2011-05-20 00:00:00+00:00;2011-06-15 00:00:00+00:00;26.0
2011-0202-CHN;2011-0227-CHN;705989.0;1.0;0.34;1.0;2011-06-01 00:00:00+00:00;2011-06-01 00:00:00+00:00;0.0
2011-0203-CHN;2011-0227-CHN;253988.0;1.0;0.12;1.0;2011-06-04 00:00:00+00:00;2011-06-01 00:00:00+00:00;3.0
2011-0203-PHL;2011-0221-PHL;17317.0;0.25;0.29;0.29;2011-06-09 00:00:00+00:00;2011-06-28 00:00:00+00:00;19.0
2011-0203-PHL;2011-0231-PHL;54061.0;0.78;0.75;0.78;2011-06-09 00:00:00+00:00;2011-06-21 00:00:00+00:00;12.0
2011-0204-PHL;2011-0221-PHL;18192.0;0.51;0.3;0.51;2011-05-31 00:00:00+00:00;2011-06-28 00:00:00+00:00;28.0
2011-0204-PHL;2011-0555-PHL;24794.0;0.69;0.33;0.69;2011-05-31 00:00:00+00:00;2011-05-20 00:00:00+00:00;11.0
2011-0212-CHN;2011-0576-CHN;211993.0;0.07;1.0;1.0;2011-07-11 00:00:00+00:00;2011-06-19 00:00:00+00:00;22.0
2011-0213-BRA;2011-0427-BRA;361501.0;0.7;1.0;1.0;2011-07-15 00:00:00+00:00;2011-07-23 00:00:00+00:00;8.0
2011-0221-PHL;2011-0231-PHL;25626.0;0.43;0.36;0.43;2011-06-28 00:00:00+00:00;2011-06-21 00:00:00+00:00;7.0
2011-0228-MEX;2011-0267-MEX;171872.0;0.52;1.0;1.0;2011-06-20 00:00:00+00:00;2011-07-20 00:00:00+00:00;30.0
2011-0228-MEX;2011-0589-MEX;99921.0;0.3;1.0;1.0;2011-06-20 00:00:00+00:00;2011-07-18 00:00:00+00:00;28.0
2011-0267-MEX;2011-0589-MEX;99921.0;0.58;1.0;1.0;2011-07-20 00:00:00+00:00;2011-07-18 00:00:00+00:00;2.0
2011-0272-PHL;2011-0279-PHL;8959.0;0.18;0.7;0.7;2011-07-26 00:00:00+00:00;2011-08-02 00:00:00+00:00;7.0
2011-0272-PHL;2011-0301-PHL;5817.0;0.12;1.0;1.0;2011-07-26 00:00:00+00:00;2011-08-05 00:00:00+00:00;10.0
2011-0272-THA;2011-0326-THA;114969.0;0.74;0.42;0.74;2011-08-04 00:00:00+00:00;2011-08-05 00:00:00+00:00;1.0
2011-0279-CHN;2011-0370-CHN;240312.0;0.3;0.06;0.3;2011-08-04 00:00:00+00:00;2011-09-01 00:00:00+00:00;28.0
2011-0279-PHL;2011-0341-PHL;8967.0;0.7;0.19;0.7;2011-08-02 00:00:00+00:00;2011-08-27 00:00:00+00:00;25.0
2011-0279-PRK;2011-0331-PRK;35581.0;1.0;0.55;1.0;2011-08-07 00:00:00+00:00;2011-07-25 00:00:00+00:00;13.0
2011-0328-USA;2011-0425-USA;2297.0;0.0;0.99;0.99;2011-08-27 00:00:00+00:00;2011-08-06 00:00:00+00:00;21.0
2011-0328-USA;2011-0456-USA;666053.0;0.6;0.26;0.6;2011-08-27 00:00:00+00:00;2011-09-04 00:00:00+00:00;8.0
2011-0328-USA;2011-0611-USA;944.0;0.0;0.96;0.96;2011-08-27 00:00:00+00:00;2011-08-13 00:00:00+00:00;14.0
2011-0338-GTM;2011-0373-GTM;3227.0;1.0;0.58;1.0;2011-08-29 00:00:00+00:00;2011-09-19 00:00:00+00:00;21.0
2011-0341-PHL;2011-0379-PHL;41653.0;0.88;0.26;0.88;2011-08-27 00:00:00+00:00;2011-09-24 00:00:00+00:00;28.0
2011-0352-JPN;2011-0454-JPN;8314.0;0.17;0.27;0.27;2011-09-22 00:00:00+00:00;2011-09-02 00:00:00+00:00;20.0
2011-0366-GTM;2011-0386-GTM;1187.0;1.0;0.01;1.0;2011-09-20 00:00:00+00:00;2011-10-12 00:00:00+00:00;22.0
2011-0367-PHL;2011-0384-PHL;21.0;1.0;0.0;1.0;2011-09-19 00:00:00+00:00;2011-10-13 00:00:00+00:00;24.0
2011-0371-IND;2011-0473-IND;80661.0;0.96;0.45;0.96;2011-09-23 00:00:00+00:00;2011-09-05 00:00:00+00:00;18.0
2011-0373-GTM;2011-0386-GTM;3233.0;0.58;0.03;0.58;2011-09-19 00:00:00+00:00;2011-10-12 00:00:00+00:00;23.0
2011-0378-PHL;2011-0379-PHL;106274.0;0.98;0.65;0.98;2011-10-01 00:00:00+00:00;2011-09-24 00:00:00+00:00;7.0
2011-0379-PHL;2011-0384-PHL;21674.0;0.13;0.42;0.42;2011-09-24 00:00:00+00:00;2011-10-13 00:00:00+00:00;19.0
2011-0380-PHL;2011-0384-PHL;64.0;0.98;0.0;0.98;2011-10-07 00:00:00+00:00;2011-10-13 00:00:00+00:00;6.0
2011-0386-PAN;2011-0570-PAN;4834.0;0.28;1.0;1.0;2011-10-20 00:00:00+00:00;2011-11-10 00:00:00+00:00;21.0
2011-0421-CHN;2011-0601-CHN;2890196.0;0.38;1.0;1.0;2011-08-01 00:00:00+00:00;2011-08-11 00:00:00+00:00;10.0
2011-0510-NPL;2011-0543-NPL;1535.0;0.29;0.19;0.29;2011-07-15 00:00:00+00:00;2011-07-20 00:00:00+00:00;5.0
2011-0519-PHL;2011-0540-PHL;23801.0;0.47;0.32;0.47;2011-12-15 00:00:00+00:00;2011-12-25 00:00:00+00:00;10.0
2011-0540-PHL;2012-0009-PHL;50838.0;0.67;1.0;1.0;2011-12-25 00:00:00+00:00;2012-01-17 00:00:00+00:00;23.0
2011-0569-VEN;2011-0635-VEN;45654.0;0.87;0.58;0.87;2011-12-01 00:00:00+00:00;2011-12-06 00:00:00+00:00;5.0
2011-0573-JPN;2011-0574-JPN;45324.0;0.12;1.0;1.0;2011-07-01 00:00:00+00:00;2011-07-19 00:00:00+00:00;18.0
2011-0575-IDN;2011-0645-IDN;318295.0;1.0;1.0;1.0;2011-04-01 00:00:00+00:00;2011-03-17 00:00:00+00:00;15.0
2011-0607-USA;2011-0608-USA;3138.0;1.0;0.4;1.0;2011-01-07 00:00:00+00:00;2011-01-17 00:00:00+00:00;10.0
2011-0608-USA;2011-9363-USA;2963.0;0.37;0.0;0.37;2011-01-17 00:00:00+00:00;2011-01-01 00:00:00+00:00;16.0
2012-0005-MOZ;2012-0006-MOZ;47399.0;1.0;0.17;1.0;2012-01-20 00:00:00+00:00;2012-01-18 00:00:00+00:00;2.0
2012-0009-PHL;2012-0042-PHL;8737.0;0.17;0.73;0.73;2012-01-17 00:00:00+00:00;2012-02-14 00:00:00+00:00;28.0
2012-0019-GRC;2012-0080-GRC;18201.0;0.14;0.99;0.99;2012-02-01 00:00:00+00:00;2012-02-03 00:00:00+00:00;2.0
2012-0043-MDG;2012-0056-MDG;20135.0;0.22;0.81;0.81;2012-02-14 00:00:00+00:00;2012-02-26 00:00:00+00:00;12.0
2012-0111-RUS;2012-0243-RUS;6768.0;0.03;1.0;1.0;2012-04-22 00:00:00+00:00;2012-04-10 00:00:00+00:00;12.0
2012-0122-USA;2012-0601-USA;3286.0;1.0;0.0;1.0;2012-04-02 00:00:00+00:00;2012-04-28 00:00:00+00:00;26.0
2012-0136-CHN;2012-0197-CHN;923811.0;1.0;0.81;1.0;2012-05-08 00:00:00+00:00;2012-04-28 00:00:00+00:00;10.0
2012-0142-ITA;2012-0162-ITA;543.0;0.99;0.01;0.99;2012-05-20 00:00:00+00:00;2012-05-29 00:00:00+00:00;9.0
2012-0142-ITA;2012-9290-ITA;548.0;1.0;0.0;1.0;2012-05-20 00:00:00+00:00;2012-06-01 00:00:00+00:00;12.0
2012-0154-AFG;2012-0573-AFG;7733.0;0.72;0.13;0.72;2012-05-20 00:00:00+00:00;2012-04-22 00:00:00+00:00;28.0
2012-0162-ITA;2012-9290-ITA;43540.0;1.0;0.08;1.0;2012-05-29 00:00:00+00:00;2012-06-01 00:00:00+00:00;3.0
2012-0171-PHL;2012-0172-PHL;480.0;0.99;0.03;0.99;2012-06-11 00:00:00+00:00;2012-06-09 00:00:00+00:00;2.0
2012-0171-PHL;2012-0602-PHL;480.0;0.99;0.01;0.99;2012-06-11 00:00:00+00:00;2012-06-12 00:00:00+00:00;1.0
2012-0172-PHL;2012-0602-PHL;16632.0;1.0;0.25;1.0;2012-06-09 00:00:00+00:00;2012-06-12 00:00:00+00:00;3.0
2012-0173-CHN;2012-0190-CHN;656352.0;0.12;0.58;0.58;2012-06-22 00:00:00+00:00;2012-06-24 00:00:00+00:00;2.0
2012-0173-CHN;2012-0199-CHN;656224.0;0.12;1.0;1.0;2012-06-22 00:00:00+00:00;2012-07-11 00:00:00+00:00;19.0
2012-0173-CHN;2012-0200-CHN;309056.0;0.06;1.0;1.0;2012-06-22 00:00:00+00:00;2012-07-01 00:00:00+00:00;9.0
2012-0173-CHN;2012-0477-CHN;253988.0;0.05;1.0;1.0;2012-06-22 00:00:00+00:00;2012-07-09 00:00:00+00:00;17.0
2012-0176-USA;2012-0177-USA;381435.0;0.66;0.42;0.66;2012-06-22 00:00:00+00:00;2012-06-09 00:00:00+00:00;13.0
2012-0176-USA;2012-0214-USA;381428.0;0.66;0.41;0.66;2012-06-22 00:00:00+00:00;2012-06-30 00:00:00+00:00;8.0
2012-0177-USA;2012-0214-USA;381428.0;0.42;0.41;0.42;2012-06-09 00:00:00+00:00;2012-06-30 00:00:00+00:00;21.0
2012-0190-CHN;2012-0199-CHN;656224.0;0.58;1.0;1.0;2012-06-24 00:00:00+00:00;2012-07-11 00:00:00+00:00;17.0
2012-0191-AZE;2012-0545-AZE;4963.0;0.77;0.99;0.99;2012-05-07 00:00:00+00:00;2012-05-18 00:00:00+00:00;11.0
2012-0214-USA;2012-0503-USA;281979.0;0.3;0.19;0.3;2012-06-30 00:00:00+00:00;2012-06-28 00:00:00+00:00;2.0
2012-0214-USA;2012-9235-USA;265001.0;0.29;0.07;0.29;2012-06-30 00:00:00+00:00;2012-06-01 00:00:00+00:00;29.0
2012-0214-USA;2012-9489-USA;265001.0;0.29;0.03;0.29;2012-06-30 00:00:00+00:00;2012-06-01 00:00:00+00:00;29.0
2012-0259-CHN;2012-0260-CHN;152067.0;0.23;0.28;0.28;2012-07-24 00:00:00+00:00;2012-08-08 00:00:00+00:00;15.0
2012-0259-CHN;2012-0282-CHN;152067.0;0.23;0.28;0.28;2012-07-24 00:00:00+00:00;2012-08-08 00:00:00+00:00;15.0
2012-0259-CHN;2012-0294-CHN;496098.0;0.77;1.0;1.0;2012-07-24 00:00:00+00:00;2012-08-17 00:00:00+00:00;24.0
2012-0260-CHN;2012-0282-CHN;540779.0;1.0;1.0;1.0;2012-08-08 00:00:00+00:00;2012-08-08 00:00:00+00:00;0.0
2012-0260-CHN;2012-0477-CHN;253988.0;0.47;1.0;1.0;2012-08-08 00:00:00+00:00;2012-07-09 00:00:00+00:00;30.0
2012-0260-PHL;2012-0272-PHL;47485.0;0.35;0.87;0.87;2012-07-31 00:00:00+00:00;2012-08-06 00:00:00+00:00;6.0
2012-0266-IDN;2012-0582-IDN;297.0;0.86;1.0;1.0;2012-07-24 00:00:00+00:00;2012-07-31 00:00:00+00:00;7.0
2012-0272-PHL;2012-0296-PHL;1624.0;0.03;1.0;1.0;2012-08-06 00:00:00+00:00;2012-08-20 00:00:00+00:00;14.0
2012-0282-CHN;2012-0477-CHN;253351.0;0.47;1.0;1.0;2012-08-08 00:00:00+00:00;2012-07-09 00:00:00+00:00;30.0
2012-0283-CHN;2012-0397-CHN;144874.0;0.38;1.0;1.0;2012-08-02 00:00:00+00:00;2012-07-20 00:00:00+00:00;13.0
2012-0283-CHN;2012-0610-CHN;240312.0;0.62;0.11;0.62;2012-08-02 00:00:00+00:00;2012-08-28 00:00:00+00:00;26.0
2012-0325-PAK;2012-0475-PAK;20303.0;1.0;0.15;1.0;2012-09-04 00:00:00+00:00;2012-08-23 00:00:00+00:00;12.0
2012-0350-CHN;2012-0455-CHN;25857.0;0.04;1.0;1.0;2012-09-07 00:00:00+00:00;2012-10-05 00:00:00+00:00;28.0
2012-0363-PAK;2012-0475-PAK;131582.0;0.47;1.0;1.0;2012-08-01 00:00:00+00:00;2012-08-23 00:00:00+00:00;22.0
2012-0398-IDN;2012-0432-IDN;6307.0;0.4;0.91;0.91;2012-08-18 00:00:00+00:00;2012-08-25 00:00:00+00:00;7.0
2012-0414-JPN;2012-0588-JPN;2898.0;0.19;1.0;1.0;2012-08-25 00:00:00+00:00;2012-09-15 00:00:00+00:00;21.0
2012-0434-PHL;2012-0463-PHL;3959.0;0.17;0.39;0.39;2012-09-13 00:00:00+00:00;2012-10-03 00:00:00+00:00;20.0
2012-0451-JPN;2012-0588-JPN;2898.0;0.12;1.0;1.0;2012-09-29 00:00:00+00:00;2012-09-15 00:00:00+00:00;14.0
2012-0500-PHL;2013-0036-PHL;4340.0;0.45;0.08;0.45;2012-12-04 00:00:00+00:00;2013-01-03 00:00:00+00:00;30.0
2012-0503-USA;2012-9235-USA;625473.0;0.43;0.17;0.43;2012-06-28 00:00:00+00:00;2012-06-01 00:00:00+00:00;27.0
2012-0503-USA;2012-9489-USA;628436.0;0.43;0.08;0.43;2012-06-28 00:00:00+00:00;2012-06-01 00:00:00+00:00;27.0
2012-0533-NZL;2013-9203-NZL;7721.0;1.0;0.04;1.0;2012-12-06 00:00:00+00:00;2013-01-01 00:00:00+00:00;26.0
2012-0537-LKA;2013-0039-LKA;8422.0;0.28;0.34;0.34;2012-12-17 00:00:00+00:00;2013-01-08 00:00:00+00:00;22.0
2012-0548-GBR;2012-0549-GBR;94926.0;0.44;0.18;0.44;2012-06-10 00:00:00+00:00;2012-06-23 00:00:00+00:00;13.0
2012-0601-USA;2012-0612-USA;948532.0;0.52;0.38;0.52;2012-04-28 00:00:00+00:00;2012-05-25 00:00:00+00:00;27.0
2012-0612-USA;2012-0614-USA;948521.0;0.38;0.67;0.67;2012-05-25 00:00:00+00:00;2012-06-11 00:00:00+00:00;17.0
2012-0612-USA;2012-9235-USA;821822.0;0.33;0.23;0.33;2012-05-25 00:00:00+00:00;2012-06-01 00:00:00+00:00;7.0
2012-0612-USA;2012-9489-USA;2044648.0;0.82;0.27;0.82;2012-05-25 00:00:00+00:00;2012-06-01 00:00:00+00:00;7.0
2012-0613-USA;2012-9489-USA;447706.0;0.49;0.06;0.49;2012-06-06 00:00:00+00:00;2012-06-01 00:00:00+00:00;5.0
2012-0614-USA;2012-9489-USA;1413105.0;1.0;0.18;1.0;2012-06-11 00:00:00+00:00;2012-06-01 00:00:00+00:00;10.0
2012-9235-USA;2012-9489-USA;3591048.0;1.0;0.47;1.0;2012-06-01 00:00:00+00:00;2012-06-01 00:00:00+00:00;0.0
2013-0018-CHN;2013-9062-CHN;28792.0;1.0;0.01;1.0;2013-01-11 00:00:00+00:00;2013-01-01 00:00:00+00:00;10.0
2013-0117-USA;2013-0118-USA;2963.0;0.0;1.0;1.0;2013-04-07 00:00:00+00:00;2013-04-17 00:00:00+00:00;10.0
2013-0192-IND;2013-0260-IND;47134.0;0.04;1.0;1.0;2013-06-12 00:00:00+00:00;2013-07-09 00:00:00+00:00;27.0
2013-0199-CHN;2013-0565-CHN;2838.0;0.0;1.0;1.0;2013-05-06 00:00:00+00:00;2013-04-22 00:00:00+00:00;14.0
2013-0242-CHN;2013-0262-CHN;652631.0;0.68;0.12;0.68;2013-07-22 00:00:00+00:00;2013-07-21 00:00:00+00:00;1.0
2013-0245-CHN;2013-0259-CHN;14733.0;1.0;0.02;1.0;2013-07-10 00:00:00+00:00;2013-07-07 00:00:00+00:00;3.0
2013-0245-CHN;2013-0262-CHN;14733.0;1.0;0.0;1.0;2013-07-10 00:00:00+00:00;2013-07-21 00:00:00+00:00;11.0
2013-0249-CHN;2013-0261-CHN;499421.0;0.55;1.0;1.0;2013-07-14 00:00:00+00:00;2013-07-13 00:00:00+00:00;1.0
2013-0259-CHN;2013-0262-CHN;656224.0;1.0;0.12;1.0;2013-07-07 00:00:00+00:00;2013-07-21 00:00:00+00:00;14.0
2013-0262-CHN;2013-0264-CHN;2890196.0;0.52;0.92;0.92;2013-07-21 00:00:00+00:00;2013-07-25 00:00:00+00:00;4.0
2013-0262-CHN;2013-0317-CHN;1013233.0;0.18;0.67;0.67;2013-07-21 00:00:00+00:00;2013-08-12 00:00:00+00:00;22.0
2013-0272-CHN;2013-0341-CHN;38489.0;0.05;1.0;1.0;2013-08-15 00:00:00+00:00;2013-08-02 00:00:00+00:00;13.0
2013-0272-PHL;2013-0274-PHL;15691.0;0.24;0.51;0.51;2013-08-12 00:00:00+00:00;2013-08-13 00:00:00+00:00;1.0
2013-0314-CHN;2013-0416-CHN;656224.0;0.58;0.42;0.58;2013-08-31 00:00:00+00:00;2013-09-16 00:00:00+00:00;16.0
2013-0335-MEX;2013-0358-MEX;100555.0;0.99;0.26;0.99;2013-08-25 00:00:00+00:00;2013-09-13 00:00:00+00:00;19.0
2013-0348-MEX;2013-0406-MEX;78045.0;1.0;0.38;1.0;2013-09-05 00:00:00+00:00;2013-09-12 00:00:00+00:00;7.0
2013-0355-PER;2013-0409-PER;68642.0;0.91;0.5;0.91;2013-09-12 00:00:00+00:00;2013-09-25 00:00:00+00:00;13.0
2013-0373-PHL;2013-0430-PHL;3725.0;0.31;0.12;0.31;2013-09-21 00:00:00+00:00;2013-10-12 00:00:00+00:00;21.0
2013-0381-PAK;2013-0484-PAK;28236.0;0.14;1.0;1.0;2013-09-24 00:00:00+00:00;2013-09-28 00:00:00+00:00;4.0
2013-0396-JPN;2013-0415-JPN;14683.0;0.03;1.0;1.0;2013-10-14 00:00:00+00:00;2013-09-16 00:00:00+00:00;28.0
2013-0417-VNM;2013-0430-VNM;16963.0;0.38;0.73;0.73;2013-09-16 00:00:00+00:00;2013-10-10 00:00:00+00:00;24.0
2013-0418-PHL;2013-0430-PHL;185.0;0.34;0.01;0.34;2013-09-23 00:00:00+00:00;2013-10-12 00:00:00+00:00;19.0
2013-0433-VNM;2013-0443-VNM;16986.0;0.22;0.31;0.31;2013-11-11 00:00:00+00:00;2013-11-14 00:00:00+00:00;3.0
2013-0472-USA;2013-0510-USA;2261.0;0.0;1.0;1.0;2013-11-24 00:00:00+00:00;2013-10-31 00:00:00+00:00;24.0
2013-0519-BRA;2014-9025-BRA;845.0;1.0;0.0;1.0;2013-12-07 00:00:00+00:00;2014-01-01 00:00:00+00:00;25.0
2013-0558-USA;2014-0009-USA;1788.0;0.41;0.0;0.41;2013-12-22 00:00:00+00:00;2014-01-05 00:00:00+00:00;14.0
2014-0009-USA;2014-0048-USA;289868.0;0.02;0.99;0.99;2014-01-05 00:00:00+00:00;2014-02-02 00:00:00+00:00;28.0
2014-0009-USA;2014-0052-USA;745199.0;0.06;0.69;0.69;2014-01-05 00:00:00+00:00;2014-01-01 00:00:00+00:00;4.0
2014-0009-USA;2014-0053-USA;862207.0;0.07;0.82;0.82;2014-01-05 00:00:00+00:00;2014-01-26 00:00:00+00:00;21.0
2014-0034-IDN;2014-0038-IDN;1107.0;0.96;0.05;0.96;2014-01-28 00:00:00+00:00;2014-01-24 00:00:00+00:00;4.0
2014-0034-IDN;2014-0057-IDN;1148.0;1.0;0.01;1.0;2014-01-28 00:00:00+00:00;2014-01-19 00:00:00+00:00;9.0
2014-0038-IDN;2014-0056-IDN;1869.0;0.09;1.0;1.0;2014-01-24 00:00:00+00:00;2014-01-08 00:00:00+00:00;16.0
2014-0038-IDN;2014-0057-IDN;20323.0;1.0;0.15;1.0;2014-01-24 00:00:00+00:00;2014-01-19 00:00:00+00:00;5.0
2014-0040-PER;2014-0534-PER;76674.0;0.26;0.77;0.77;2014-01-24 00:00:00+00:00;2014-01-01 00:00:00+00:00;23.0
2014-0048-USA;2014-0072-USA;252980.0;0.86;0.26;0.86;2014-02-02 00:00:00+00:00;2014-02-11 00:00:00+00:00;9.0
2014-0053-USA;2014-0072-USA;525954.0;0.5;0.53;0.53;2014-01-26 00:00:00+00:00;2014-02-11 00:00:00+00:00;16.0
2014-0056-IDN;2014-0057-IDN;1870.0;1.0;0.01;1.0;2014-01-08 00:00:00+00:00;2014-01-19 00:00:00+00:00;11.0
2014-0057-IDN;2014-0064-IDN;19141.0;0.14;0.99;0.99;2014-01-19 00:00:00+00:00;2014-02-14 00:00:00+00:00;26.0
2014-0061-JPN;2014-0068-JPN;120621.0;0.35;1.0;1.0;2014-02-08 00:00:00+00:00;2014-02-14 00:00:00+00:00;6.0
2014-0086-CHN;2014-0107-CHN;2890204.0;0.9;0.76;0.9;2014-02-12 00:00:00+00:00;2014-03-12 00:00:00+00:00;28.0
2014-0092-COM;2014-0258-COM;239.0;0.14;1.0;1.0;2014-03-27 00:00:00+00:00;2014-03-12 00:00:00+00:00;15.0
2014-0122-TJK;2014-0204-TJK;3494.0;1.0;0.04;1.0;2014-04-22 00:00:00+00:00;2014-05-10 00:00:00+00:00;18.0
2014-0128-BIH;2014-0164-BIH;48500.0;1.0;0.83;1.0;2014-04-19 00:00:00+00:00;2014-05-13 00:00:00+00:00;24.0
2014-0128-SRB;2014-0164-SRB;4627.0;0.22;0.32;0.32;2014-04-16 00:00:00+00:00;2014-05-13 00:00:00+00:00;27.0
2014-0142-PRY;2014-0188-PRY;159.0;0.98;0.0;0.98;2014-02-25 00:00:00+00:00;2014-03-01 00:00:00+00:00;4.0
2014-0173-CHN;2014-0177-CHN;468714.0;1.0;1.0;1.0;2014-05-24 00:00:00+00:00;2014-05-30 00:00:00+00:00;6.0
2014-0173-CHN;2014-0212-CHN;468714.0;1.0;0.22;1.0;2014-05-24 00:00:00+00:00;2014-06-01 00:00:00+00:00;8.0
2014-0177-CHN;2014-0212-CHN;468714.0;1.0;0.22;1.0;2014-05-30 00:00:00+00:00;2014-06-01 00:00:00+00:00;2.0
2014-0180-CHN;2014-0212-CHN;1484011.0;0.75;0.71;0.75;2014-05-24 00:00:00+00:00;2014-06-01 00:00:00+00:00;8.0
2014-0180-CHN;2014-0213-CHN;211993.0;0.11;0.58;0.58;2014-05-24 00:00:00+00:00;2014-06-14 00:00:00+00:00;21.0
2014-0180-CHN;2014-0549-CHN;271109.0;0.14;1.0;1.0;2014-05-24 00:00:00+00:00;2014-05-12 00:00:00+00:00;12.0
2014-0180-CHN;2014-0550-CHN;211993.0;0.11;1.0;1.0;2014-05-24 00:00:00+00:00;2014-06-04 00:00:00+00:00;11.0
2014-0212-CHN;2014-0213-CHN;364060.0;0.17;1.0;1.0;2014-06-01 00:00:00+00:00;2014-06-14 00:00:00+00:00;13.0
2014-0212-CHN;2014-0217-CHN;656224.0;0.31;0.83;0.83;2014-06-01 00:00:00+00:00;2014-06-25 00:00:00+00:00;24.0
2014-0212-CHN;2014-0550-CHN;211993.0;0.1;1.0;1.0;2014-06-01 00:00:00+00:00;2014-06-04 00:00:00+00:00;3.0
2014-0213-CHN;2014-0266-CHN;364060.0;1.0;0.35;1.0;2014-06-14 00:00:00+00:00;2014-07-03 00:00:00+00:00;19.0
2014-0213-CHN;2014-0550-CHN;211993.0;0.58;1.0;1.0;2014-06-14 00:00:00+00:00;2014-06-04 00:00:00+00:00;10.0
2014-0227-CHN;2014-0266-CHN;680862.0;0.68;0.65;0.68;2014-07-18 00:00:00+00:00;2014-07-03 00:00:00+00:00;15.0
2014-0227-CHN;2014-0281-CHN;247871.0;0.25;0.22;0.25;2014-07-18 00:00:00+00:00;2014-08-03 00:00:00+00:00;16.0
2014-0227-CHN;2014-0321-CHN;496226.0;0.49;0.25;0.49;2014-07-18 00:00:00+00:00;2014-08-11 00:00:00+00:00;24.0
2014-0227-CHN;2014-0406-CHN;752820.0;0.75;0.19;0.75;2014-07-18 00:00:00+00:00;2014-07-10 00:00:00+00:00;8.0
2014-0234-GTM;2014-9277-GTM;15320.0;0.73;0.35;0.73;2014-07-07 00:00:00+00:00;2014-08-01 00:00:00+00:00;25.0
2014-0236-JPN;2014-0314-JPN;10138.0;0.05;1.0;1.0;2014-07-07 00:00:00+00:00;2014-08-03 00:00:00+00:00;27.0
2014-0236-JPN;2014-0578-JPN;72424.0;0.33;0.19;0.33;2014-07-07 00:00:00+00:00;2014-07-14 00:00:00+00:00;7.0
2014-0237-CIV;2014-0536-CIV;2146.0;1.0;1.0;1.0;2014-06-19 00:00:00+00:00;2014-06-02 00:00:00+00:00;17.0
2014-0240-CHN;2014-0266-CHN;152173.0;0.25;0.14;0.25;2014-07-22 00:00:00+00:00;2014-07-03 00:00:00+00:00;19.0
2014-0240-CHN;2014-0321-CHN;365623.0;0.6;0.18;0.6;2014-07-22 00:00:00+00:00;2014-08-11 00:00:00+00:00;20.0
2014-0266-CHN;2014-0406-CHN;690532.0;0.65;0.18;0.65;2014-07-03 00:00:00+00:00;2014-07-10 00:00:00+00:00;7.0
2014-0266-CHN;2014-0550-CHN;211993.0;0.2;1.0;1.0;2014-07-03 00:00:00+00:00;2014-06-04 00:00:00+00:00;29.0
2014-0281-CHN;2014-0321-CHN;1090085.0;0.97;0.54;0.97;2014-08-03 00:00:00+00:00;2014-08-11 00:00:00+00:00;8.0
2014-0281-CHN;2014-0337-CHN;2124.0;0.0;1.0;1.0;2014-08-03 00:00:00+00:00;2014-08-27 00:00:00+00:00;24.0
2014-0281-CHN;2014-0344-CHN;878093.0;0.78;0.89;0.89;2014-08-03 00:00:00+00:00;2014-09-01 00:00:00+00:00;29.0
2014-0281-CHN;2014-0555-CHN;221945.0;0.2;1.0;1.0;2014-08-03 00:00:00+00:00;2014-08-10 00:00:00+00:00;7.0
2014-0292-CHN;2014-0344-CHN;110414.0;1.0;0.11;1.0;2014-09-02 00:00:00+00:00;2014-09-01 00:00:00+00:00;1.0
2014-0292-CHN;2014-0389-CHN;110414.0;1.0;0.07;1.0;2014-09-02 00:00:00+00:00;2014-09-10 00:00:00+00:00;8.0
2014-0292-CHN;2014-0572-CHN;110073.0;1.0;0.77;1.0;2014-09-02 00:00:00+00:00;2014-09-14 00:00:00+00:00;12.0
2014-0313-IND;2014-0409-IND;178378.0;1.0;1.0;1.0;2014-08-03 00:00:00+00:00;2014-08-09 00:00:00+00:00;6.0
2014-0314-JPN;2014-0316-JPN;10138.0;1.0;0.38;1.0;2014-08-03 00:00:00+00:00;2014-08-10 00:00:00+00:00;7.0
2014-0314-JPN;2014-0578-JPN;10138.0;1.0;0.03;1.0;2014-08-03 00:00:00+00:00;2014-07-14 00:00:00+00:00;20.0
2014-0316-JPN;2014-0578-JPN;26866.0;1.0;0.07;1.0;2014-08-10 00:00:00+00:00;2014-07-14 00:00:00+00:00;27.0
2014-0321-CHN;2014-0337-CHN;2124.0;0.0;1.0;1.0;2014-08-11 00:00:00+00:00;2014-08-27 00:00:00+00:00;16.0
2014-0321-CHN;2014-0344-CHN;878097.0;0.44;0.89;0.89;2014-08-11 00:00:00+00:00;2014-09-01 00:00:00+00:00;21.0
2014-0321-CHN;2014-0389-CHN;878426.0;0.44;0.57;0.57;2014-08-11 00:00:00+00:00;2014-09-10 00:00:00+00:00;30.0
2014-0321-CHN;2014-0555-CHN;221945.0;0.11;1.0;1.0;2014-08-11 00:00:00+00:00;2014-08-10 00:00:00+00:00;1.0
2014-0337-CHN;2014-0344-CHN;2124.0;1.0;0.0;1.0;2014-08-27 00:00:00+00:00;2014-09-01 00:00:00+00:00;5.0
2014-0337-CHN;2014-0389-CHN;2124.0;1.0;0.0;1.0;2014-08-27 00:00:00+00:00;2014-09-10 00:00:00+00:00;14.0
2014-0337-CHN;2014-0555-CHN;2124.0;1.0;0.01;1.0;2014-08-27 00:00:00+00:00;2014-08-10 00:00:00+00:00;17.0
2014-0344-CHN;2014-0389-CHN;988314.0;1.0;0.64;1.0;2014-09-01 00:00:00+00:00;2014-09-10 00:00:00+00:00;9.0
2014-0344-CHN;2014-0555-CHN;221945.0;0.22;1.0;1.0;2014-09-01 00:00:00+00:00;2014-08-10 00:00:00+00:00;22.0
2014-0344-CHN;2014-0572-CHN;132878.0;0.13;0.93;0.93;2014-09-01 00:00:00+00:00;2014-09-14 00:00:00+00:00;13.0
2014-0389-CHN;2014-0449-CHN;656352.0;0.42;0.58;0.58;2014-09-10 00:00:00+00:00;2014-10-07 00:00:00+00:00;27.0
2014-0389-CHN;2014-0572-CHN;133227.0;0.09;0.93;0.93;2014-09-10 00:00:00+00:00;2014-09-14 00:00:00+00:00;4.0
2014-0396-JPN;2014-0397-JPN;14745.0;0.24;0.57;0.57;2014-10-12 00:00:00+00:00;2014-10-06 00:00:00+00:00;6.0
2014-0434-LKA;2014-0548-LKA;421.0;0.14;1.0;1.0;2014-10-28 00:00:00+00:00;2014-10-29 00:00:00+00:00;1.0
2014-0463-MAR;2014-0490-MAR;13761.0;0.36;0.47;0.47;2014-11-21 00:00:00+00:00;2014-11-28 00:00:00+00:00;7.0
2014-0464-CHN;2014-0544-CHN;656224.0;1.0;1.0;1.0;2014-11-22 00:00:00+00:00;2014-12-06 00:00:00+00:00;14.0
2014-0474-PHL;2014-0479-PHL;46506.0;0.85;0.33;0.85;2014-11-27 00:00:00+00:00;2014-12-12 00:00:00+00:00;15.0
2014-0479-PHL;2014-0497-PHL;91030.0;0.64;0.67;0.67;2014-12-12 00:00:00+00:00;2014-12-28 00:00:00+00:00;16.0
2014-0482-USA;2014-0491-USA;15568.0;0.03;0.68;0.68;2014-12-10 00:00:00+00:00;2014-12-02 00:00:00+00:00;8.0
2014-0482-USA;2015-9210-USA;516376.0;1.0;0.13;1.0;2014-12-10 00:00:00+00:00;2015-01-01 00:00:00+00:00;22.0
2014-0491-USA;2015-9210-USA;22780.0;0.99;0.01;0.99;2014-12-02 00:00:00+00:00;2015-01-01 00:00:00+00:00;30.0
2014-0493-THA;2014-0522-THA;15021.0;0.99;0.21;0.99;2014-12-01 00:00:00+00:00;2014-12-13 00:00:00+00:00;12.0
2014-0497-PHL;2015-0017-PHL;10793.0;0.08;0.57;0.57;2014-12-28 00:00:00+00:00;2015-01-19 00:00:00+00:00;22.0
2015-0016-MDG;2015-0074-MDG;115256.0;0.39;0.6;0.6;2015-01-16 00:00:00+00:00;2015-02-07 00:00:00+00:00;22.0
2015-0023-ALB;2015-0038-ALB;7706.0;0.43;0.63;0.63;2015-02-01 00:00:00+00:00;2015-01-31 00:00:00+00:00;1.0
2015-0025-USA;2015-0072-USA;257355.0;0.32;0.34;0.34;2015-01-06 00:00:00+00:00;2015-01-31 00:00:00+00:00;25.0
2015-0038-GRC;2015-0384-GRC;7565.0;0.09;1.0;1.0;2015-01-30 00:00:00+00:00;2015-02-01 00:00:00+00:00;2.0
2015-0044-ARG;2015-0070-ARG;230246.0;1.0;0.18;1.0;2015-02-15 00:00:00+00:00;2015-03-04 00:00:00+00:00;17.0
2015-0046-USA;2015-0073-USA;166837.0;0.32;0.06;0.32;2015-02-16 00:00:00+00:00;2015-02-16 00:00:00+00:00;0.0
2015-0053-AUS;2015-0135-AUS;251144.0;0.05;1.0;1.0;2015-02-20 00:00:00+00:00;2015-03-12 00:00:00+00:00;20.0
2015-0054-AFG;2015-0058-AFG;68702.0;0.64;1.0;1.0;2015-02-15 00:00:00+00:00;2015-02-21 00:00:00+00:00;6.0
2015-0054-AFG;2015-0059-AFG;68702.0;0.64;1.0;1.0;2015-02-15 00:00:00+00:00;2015-02-15 00:00:00+00:00;0.0
2015-0058-AFG;2015-0059-AFG;68702.0;1.0;1.0;1.0;2015-02-21 00:00:00+00:00;2015-02-15 00:00:00+00:00;6.0
2015-0072-USA;2015-0073-USA;755920.0;1.0;0.27;1.0;2015-01-31 00:00:00+00:00;2015-02-16 00:00:00+00:00;16.0
2015-0075-AGO;2015-0090-AGO;2524.0;0.0;1.0;1.0;2015-02-13 00:00:00+00:00;2015-03-09 00:00:00+00:00;24.0
2015-0075-AGO;2015-0091-AGO;2030.0;0.0;0.35;0.35;2015-02-13 00:00:00+00:00;2015-03-09 00:00:00+00:00;24.0
2015-0076-IDN;2015-0077-IDN;661.0;0.0;0.98;0.98;2015-01-30 00:00:00+00:00;2015-02-08 00:00:00+00:00;9.0
2015-0090-AGO;2015-0091-AGO;2013.0;0.8;0.35;0.8;2015-03-09 00:00:00+00:00;2015-03-09 00:00:00+00:00;0.0
2015-0093-PNG;2015-0097-PNG;50098.0;1.0;0.5;1.0;2015-03-13 00:00:00+00:00;2015-03-04 00:00:00+00:00;9.0
2015-0107-IND;2015-0126-IND;153289.0;1.0;0.23;1.0;2015-03-20 00:00:00+00:00;2015-03-06 00:00:00+00:00;14.0
2015-0132-CHN;2015-0144-CHN;1568394.0;0.35;1.0;1.0;2015-03-29 00:00:00+00:00;2015-04-25 00:00:00+00:00;27.0
2015-0142-CHL;2015-0204-CHL;27822.0;1.0;0.11;1.0;2015-04-24 00:00:00+00:00;2015-05-17 00:00:00+00:00;23.0
2015-0144-BGD;2015-0213-BGD;7065.0;0.23;0.29;0.29;2015-04-25 00:00:00+00:00;2015-05-02 00:00:00+00:00;7.0
2015-0144-CHN;2015-0175-CHN;239683.0;0.15;1.0;1.0;2015-04-25 00:00:00+00:00;2015-05-12 00:00:00+00:00;17.0
2015-0144-IND;2015-0175-IND;116525.0;0.22;1.0;1.0;2015-04-25 00:00:00+00:00;2015-05-12 00:00:00+00:00;17.0
2015-0144-NPL;2015-0175-NPL;5956.0;0.28;1.0;1.0;2015-04-25 00:00:00+00:00;2015-05-12 00:00:00+00:00;17.0
2015-0151-AFG;2015-0581-AFG;31133.0;0.27;1.0;1.0;2015-04-27 00:00:00+00:00;2015-05-09 00:00:00+00:00;12.0
2015-0158-KEN;2015-0159-KEN;4695.0;1.0;0.17;1.0;2015-04-04 00:00:00+00:00;2015-04-27 00:00:00+00:00;23.0
2015-0168-CUB;2015-9372-CUB;937.0;0.98;0.01;0.98;2015-04-30 00:00:00+00:00;2015-05-01 00:00:00+00:00;1.0
2015-0177-USA;2015-0186-USA;2857.0;0.0;0.55;0.55;2015-05-06 00:00:00+00:00;2015-05-24 00:00:00+00:00;18.0
2015-0185-CHN;2015-0219-CHN;1353988.0;1.0;0.58;1.0;2015-05-13 00:00:00+00:00;2015-05-13 00:00:00+00:00;0.0
2015-0185-CHN;2015-0220-CHN;374017.0;0.28;0.59;0.59;2015-05-13 00:00:00+00:00;2015-05-28 00:00:00+00:00;15.0
2015-0185-CHN;2015-0247-CHN;1070035.0;0.79;0.75;0.79;2015-05-13 00:00:00+00:00;2015-06-01 00:00:00+00:00;19.0
2015-0185-CHN;2015-0248-CHN;493175.0;0.36;0.35;0.36;2015-05-13 00:00:00+00:00;2015-06-07 00:00:00+00:00;25.0
2015-0189-IND;2015-0600-IND;173839.0;0.49;1.0;1.0;2015-05-20 00:00:00+00:00;2015-05-19 00:00:00+00:00;1.0
2015-0213-BGD;2015-0601-BGD;4198.0;0.17;0.98;0.98;2015-05-02 00:00:00+00:00;2015-05-23 00:00:00+00:00;21.0
2015-0219-CHN;2015-0220-CHN;518603.0;0.22;0.82;0.82;2015-05-13 00:00:00+00:00;2015-05-28 00:00:00+00:00;15.0
2015-0219-CHN;2015-0247-CHN;1070934.0;0.46;0.75;0.75;2015-05-13 00:00:00+00:00;2015-06-01 00:00:00+00:00;19.0
2015-0219-CHN;2015-0248-CHN;493040.0;0.21;0.35;0.35;2015-05-13 00:00:00+00:00;2015-06-07 00:00:00+00:00;25.0
2015-0220-CHN;2015-0240-CHN;477202.0;0.76;0.3;0.76;2015-05-28 00:00:00+00:00;2015-06-16 00:00:00+00:00;19.0
2015-0220-CHN;2015-0247-CHN;483849.0;0.77;0.34;0.77;2015-05-28 00:00:00+00:00;2015-06-01 00:00:00+00:00;4.0
2015-0220-CHN;2015-0248-CHN;221970.0;0.35;0.16;0.35;2015-05-28 00:00:00+00:00;2015-06-07 00:00:00+00:00;10.0
2015-0232-PAK;2015-0291-PAK;454739.0;1.0;0.44;1.0;2015-06-18 00:00:00+00:00;2015-07-15 00:00:00+00:00;27.0
2015-0232-PAK;2015-0333-PAK;31433.0;0.07;0.59;0.59;2015-06-18 00:00:00+00:00;2015-07-07 00:00:00+00:00;19.0
2015-0240-CHN;2015-0247-CHN;585566.0;0.37;0.41;0.41;2015-06-16 00:00:00+00:00;2015-06-01 00:00:00+00:00;15.0
2015-0240-CHN;2015-0248-CHN;475937.0;0.3;0.34;0.34;2015-06-16 00:00:00+00:00;2015-06-07 00:00:00+00:00;9.0
2015-0240-CHN;2015-0255-CHN;996177.0;0.63;1.0;1.0;2015-06-16 00:00:00+00:00;2015-06-26 00:00:00+00:00;10.0
2015-0244-CHN;2015-0339-CHN;135361.0;1.0;0.19;1.0;2015-07-11 00:00:00+00:00;2015-08-09 00:00:00+00:00;29.0
2015-0244-JPN;2015-0261-JPN;2898.0;1.0;0.01;1.0;2015-07-09 00:00:00+00:00;2015-07-16 00:00:00+00:00;7.0
2015-0247-CHN;2015-0248-CHN;746341.0;0.52;0.53;0.53;2015-06-01 00:00:00+00:00;2015-06-07 00:00:00+00:00;6.0
2015-0253-BGD;2015-0411-BGD;7874.0;0.99;0.21;0.99;2015-06-23 00:00:00+00:00;2015-07-18 00:00:00+00:00;25.0
2015-0253-MMR;2015-0308-MMR;153128.0;0.78;0.22;0.78;2015-06-23 00:00:00+00:00;2015-07-15 00:00:00+00:00;22.0
2015-0255-CHN;2015-0303-CHN;195110.0;0.2;0.31;0.31;2015-06-26 00:00:00+00:00;2015-07-20 00:00:00+00:00;24.0
2015-0261-JPN;2015-0575-JPN;11379.0;0.03;1.0;1.0;2015-07-16 00:00:00+00:00;2015-08-03 00:00:00+00:00;18.0
2015-0261-JPN;2015-0611-JPN;44138.0;0.12;1.0;1.0;2015-07-16 00:00:00+00:00;2015-07-12 00:00:00+00:00;4.0
2015-0278-PHL;2015-0283-PHL;17489.0;0.44;0.38;0.44;2015-07-04 00:00:00+00:00;2015-07-07 00:00:00+00:00;3.0
2015-0288-PAK;2015-0291-PAK;111723.0;1.0;0.11;1.0;2015-06-25 00:00:00+00:00;2015-07-15 00:00:00+00:00;20.0
2015-0291-PAK;2015-0333-PAK;51763.0;0.05;0.98;0.98;2015-07-15 00:00:00+00:00;2015-07-07 00:00:00+00:00;8.0
2015-0293-BGD;2015-0309-BGD;18540.0;0.25;1.0;1.0;2015-07-25 00:00:00+00:00;2015-07-29 00:00:00+00:00;4.0
2015-0293-BGD;2015-0411-BGD;36650.0;0.5;1.0;1.0;2015-07-25 00:00:00+00:00;2015-07-18 00:00:00+00:00;7.0
2015-0303-CHN;2015-0339-CHN;346774.0;0.55;0.5;0.55;2015-07-20 00:00:00+00:00;2015-08-09 00:00:00+00:00;20.0
2015-0309-BGD;2015-0411-BGD;11924.0;0.64;0.33;0.64;2015-07-29 00:00:00+00:00;2015-07-18 00:00:00+00:00;11.0
2015-0317-IND;2015-0333-IND;429580.0;0.38;0.34;0.38;2015-07-15 00:00:00+00:00;2015-07-07 00:00:00+00:00;8.0
2015-0317-IND;2015-0374-IND;33311.0;0.03;0.34;0.34;2015-07-15 00:00:00+00:00;2015-08-13 00:00:00+00:00;29.0
2015-0333-IND;2015-0413-IND;105664.0;0.08;0.86;0.86;2015-07-07 00:00:00+00:00;2015-07-14 00:00:00+00:00;7.0
2015-0374-IND;2015-0406-IND;54490.0;0.55;1.0;1.0;2015-08-13 00:00:00+00:00;2015-08-28 00:00:00+00:00;15.0
2015-0375-DOM;2015-0446-DOM;3130.0;0.06;1.0;1.0;2015-08-28 00:00:00+00:00;2015-09-22 00:00:00+00:00;25.0
2015-0395-CHN;2015-0397-CHN;1457310.0;0.21;1.0;1.0;2015-08-02 00:00:00+00:00;2015-08-16 00:00:00+00:00;14.0
2015-0397-CHN;2015-0457-CHN;1457310.0;1.0;0.53;1.0;2015-08-16 00:00:00+00:00;2015-09-15 00:00:00+00:00;30.0
2015-0418-JPN;2015-0456-JPN;21978.0;1.0;0.7;1.0;2015-09-09 00:00:00+00:00;2015-09-08 00:00:00+00:00;1.0
2015-0457-CHN;2015-0490-CHN;534492.0;0.2;1.0;1.0;2015-09-15 00:00:00+00:00;2015-10-04 00:00:00+00:00;19.0
2015-0457-CHN;2015-0491-CHN;468714.0;0.17;1.0;1.0;2015-09-15 00:00:00+00:00;2015-10-06 00:00:00+00:00;21.0
2015-0465-ITA;2015-0532-ITA;5236.0;0.15;0.26;0.26;2015-10-14 00:00:00+00:00;2015-11-01 00:00:00+00:00;18.0
2015-0484-SOM;2015-0494-SOM;8302.0;0.43;0.12;0.43;2015-11-02 00:00:00+00:00;2015-11-08 00:00:00+00:00;6.0
2015-0558-USA;2015-0565-USA;1615709.0;0.63;0.91;0.91;2015-12-26 00:00:00+00:00;2015-12-15 00:00:00+00:00;11.0
2016-0032-ECU;2016-0039-ECU;589.0;0.01;1.0;1.0;2016-01-01 00:00:00+00:00;2016-01-24 00:00:00+00:00;23.0
2016-0057-IDN;2016-0092-IDN;38534.0;0.44;0.12;0.44;2016-02-19 00:00:00+00:00;2016-03-07 00:00:00+00:00;17.0
2016-0085-USA;2016-0552-USA;549134.0;0.17;1.0;1.0;2016-03-04 00:00:00+00:00;2016-03-08 00:00:00+00:00;4.0
2016-0088-AGO;2016-0247-AGO;56498.0;1.0;0.41;1.0;2016-03-03 00:00:00+00:00;2016-03-01 00:00:00+00:00;2.0
2016-0100-PAK;2016-0112-PAK;116454.0;0.53;0.85;0.85;2016-04-10 00:00:00+00:00;2016-04-02 00:00:00+00:00;8.0
2016-0105-SAU;2016-0120-SAU;247590.0;0.28;0.95;0.95;2016-04-08 00:00:00+00:00;2016-04-08 00:00:00+00:00;0.0
2016-0107-JPN;2016-0121-JPN;10690.0;1.0;0.26;1.0;2016-04-14 00:00:00+00:00;2016-04-16 00:00:00+00:00;2.0
2016-0112-AFG;2016-0135-AFG;25974.0;0.34;0.21;0.34;2016-04-02 00:00:00+00:00;2016-04-16 00:00:00+00:00;14.0
2016-0112-PAK;2016-0553-PAK;136784.0;1.0;0.14;1.0;2016-04-02 00:00:00+00:00;2016-03-09 00:00:00+00:00;24.0
2016-0124-USA;2016-0170-USA;6193.0;1.0;0.01;1.0;2016-04-16 00:00:00+00:00;2016-04-30 00:00:00+00:00;14.0
2016-0124-USA;2016-0550-USA;6193.0;1.0;0.0;1.0;2016-04-16 00:00:00+00:00;2016-04-24 00:00:00+00:00;8.0
2016-0137-CHN;2016-0162-CHN;2089663.0;0.87;0.73;0.87;2016-04-20 00:00:00+00:00;2016-05-04 00:00:00+00:00;14.0
2016-0137-CHN;2016-0194-CHN;1355040.0;0.56;0.67;0.67;2016-04-20 00:00:00+00:00;2016-05-18 00:00:00+00:00;28.0
2016-0137-CHN;2016-0536-CHN;474026.0;0.2;1.0;1.0;2016-04-20 00:00:00+00:00;2016-05-18 00:00:00+00:00;28.0
2016-0162-CHN;2016-0194-CHN;1887871.0;0.66;0.94;0.94;2016-05-04 00:00:00+00:00;2016-05-18 00:00:00+00:00;14.0
2016-0162-CHN;2016-0198-CHN;2007448.0;0.7;0.91;0.91;2016-05-04 00:00:00+00:00;2016-05-21 00:00:00+00:00;17.0
2016-0162-CHN;2016-0536-CHN;474026.0;0.17;1.0;1.0;2016-05-04 00:00:00+00:00;2016-05-18 00:00:00+00:00;14.0
2016-0170-USA;2016-0181-USA;948521.0;1.0;0.29;1.0;2016-04-30 00:00:00+00:00;2016-05-21 00:00:00+00:00;21.0
2016-0170-USA;2016-0183-USA;948521.0;1.0;0.44;1.0;2016-04-30 00:00:00+00:00;2016-05-27 00:00:00+00:00;27.0
2016-0170-USA;2016-0550-USA;948521.0;1.0;0.31;1.0;2016-04-30 00:00:00+00:00;2016-04-24 00:00:00+00:00;6.0
2016-0181-USA;2016-0183-USA;1297011.0;0.4;0.61;0.61;2016-05-21 00:00:00+00:00;2016-05-27 00:00:00+00:00;6.0
2016-0181-USA;2016-0550-USA;1591420.0;0.49;0.53;0.53;2016-05-21 00:00:00+00:00;2016-04-24 00:00:00+00:00;27.0
2016-0194-CHN;2016-0198-CHN;1149433.0;0.57;0.52;0.57;2016-05-18 00:00:00+00:00;2016-05-21 00:00:00+00:00;3.0
2016-0194-CHN;2016-0233-CHN;2011264.0;1.0;0.69;1.0;2016-05-18 00:00:00+00:00;2016-06-09 00:00:00+00:00;22.0
2016-0198-CHN;2016-0233-CHN;1948569.0;0.88;0.67;0.88;2016-05-21 00:00:00+00:00;2016-06-09 00:00:00+00:00;19.0
2016-0198-CHN;2016-0236-CHN;2202510.0;1.0;0.43;1.0;2016-05-21 00:00:00+00:00;2016-06-18 00:00:00+00:00;28.0
2016-0198-CHN;2016-0536-CHN;474026.0;0.22;1.0;1.0;2016-05-21 00:00:00+00:00;2016-05-18 00:00:00+00:00;3.0
2016-0209-CHN;2016-0235-CHN;3564550.0;0.97;1.0;1.0;2016-06-24 00:00:00+00:00;2016-06-16 00:00:00+00:00;8.0
2016-0209-CHN;2016-0255-CHN;2120.0;0.0;1.0;1.0;2016-06-24 00:00:00+00:00;2016-07-07 00:00:00+00:00;13.0
2016-0224-MMR;2016-0232-MMR;62106.0;1.0;0.13;1.0;2016-05-23 00:00:00+00:00;2016-06-01 00:00:00+00:00;9.0
2016-0232-MMR;2016-0369-MMR;409004.0;0.89;1.0;1.0;2016-06-01 00:00:00+00:00;2016-07-01 00:00:00+00:00;30.0
2016-0233-CHN;2016-0236-CHN;2708865.0;0.93;0.52;0.93;2016-06-09 00:00:00+00:00;2016-06-18 00:00:00+00:00;9.0
2016-0233-CHN;2016-0238-CHN;1787732.0;0.61;0.65;0.65;2016-06-09 00:00:00+00:00;2016-06-23 00:00:00+00:00;14.0
2016-0233-CHN;2016-0241-CHN;2421436.0;0.83;0.79;0.83;2016-06-09 00:00:00+00:00;2016-06-28 00:00:00+00:00;19.0
2016-0233-CHN;2016-0250-CHN;33929.0;0.01;1.0;1.0;2016-06-09 00:00:00+00:00;2016-07-01 00:00:00+00:00;22.0
2016-0233-CHN;2016-0256-CHN;152067.0;0.05;1.0;1.0;2016-06-09 00:00:00+00:00;2016-07-09 00:00:00+00:00;30.0
2016-0233-CHN;2016-0536-CHN;474026.0;0.16;1.0;1.0;2016-06-09 00:00:00+00:00;2016-05-18 00:00:00+00:00;22.0
2016-0234-IND;2016-0237-IND;10694.0;1.0;0.01;1.0;2016-06-12 00:00:00+00:00;2016-06-20 00:00:00+00:00;8.0
2016-0235-CHN;2016-0255-CHN;2120.0;0.0;1.0;1.0;2016-06-16 00:00:00+00:00;2016-07-07 00:00:00+00:00;21.0
2016-0236-CHN;2016-0238-CHN;2496211.0;0.48;0.91;0.91;2016-06-18 00:00:00+00:00;2016-06-23 00:00:00+00:00;5.0
2016-0236-CHN;2016-0241-CHN;2820349.0;0.55;0.92;0.92;2016-06-18 00:00:00+00:00;2016-06-28 00:00:00+00:00;10.0
2016-0236-CHN;2016-0250-CHN;33929.0;0.01;1.0;1.0;2016-06-18 00:00:00+00:00;2016-07-01 00:00:00+00:00;13.0
2016-0236-CHN;2016-0256-CHN;152067.0;0.03;1.0;1.0;2016-06-18 00:00:00+00:00;2016-07-09 00:00:00+00:00;21.0
2016-0237-IND;2016-0271-IND;95926.0;0.11;1.0;1.0;2016-06-20 00:00:00+00:00;2016-07-15 00:00:00+00:00;25.0
2016-0237-IND;2016-0276-IND;125025.0;0.14;1.0;1.0;2016-06-20 00:00:00+00:00;2016-07-09 00:00:00+00:00;19.0
2016-0238-CHN;2016-0241-CHN;2292209.0;0.84;0.75;0.84;2016-06-23 00:00:00+00:00;2016-06-28 00:00:00+00:00;5.0
2016-0238-CHN;2016-0250-CHN;33929.0;0.01;1.0;1.0;2016-06-23 00:00:00+00:00;2016-07-01 00:00:00+00:00;8.0
2016-0239-IND;2016-0554-IND;7994.0;0.04;1.0;1.0;2016-06-25 00:00:00+00:00;2016-07-17 00:00:00+00:00;22.0
2016-0241-CHN;2016-0250-CHN;33929.0;0.01;1.0;1.0;2016-06-28 00:00:00+00:00;2016-07-01 00:00:00+00:00;3.0
2016-0256-CHN;2016-0373-CHN;152067.0;1.0;0.02;1.0;2016-07-09 00:00:00+00:00;2016-08-04 00:00:00+00:00;26.0
2016-0257-CHN;2016-0373-CHN;4320856.0;0.87;0.66;0.87;2016-07-18 00:00:00+00:00;2016-08-04 00:00:00+00:00;17.0
2016-0267-IND;2016-0554-IND;7994.0;0.29;1.0;1.0;2016-07-28 00:00:00+00:00;2016-07-17 00:00:00+00:00;11.0
2016-0325-MEX;2016-0332-MEX;82764.0;1.0;0.54;1.0;2016-09-03 00:00:00+00:00;2016-09-14 00:00:00+00:00;11.0
2016-0342-CHN;2016-0350-CHN;13402.0;0.09;0.27;0.27;2016-09-15 00:00:00+00:00;2016-09-28 00:00:00+00:00;13.0
2016-0363-CHN;2016-0364-CHN;211993.0;0.4;1.0;1.0;2016-10-16 00:00:00+00:00;2016-10-19 00:00:00+00:00;3.0
2016-0371-CHN;2016-0379-CHN;14498.0;0.07;0.27;0.27;2016-08-02 00:00:00+00:00;2016-08-18 00:00:00+00:00;16.0
2016-0373-CHN;2016-0376-CHN;1618147.0;0.25;0.8;0.8;2016-08-04 00:00:00+00:00;2016-08-05 00:00:00+00:00;1.0
2016-0375-PAK;2016-0387-PAK;4383.0;0.01;1.0;1.0;2016-08-05 00:00:00+00:00;2016-08-27 00:00:00+00:00;22.0
2016-0375-PAK;2016-0554-PAK;499290.0;0.8;1.0;1.0;2016-08-05 00:00:00+00:00;2016-08-06 00:00:00+00:00;1.0
2016-0387-PAK;2016-0554-PAK;4383.0;1.0;0.01;1.0;2016-08-27 00:00:00+00:00;2016-08-06 00:00:00+00:00;21.0
2016-0475-IDN;2016-0525-IDN;72839.0;0.99;0.31;0.99;2016-12-07 00:00:00+00:00;2016-11-30 00:00:00+00:00;7.0
2016-0480-CHN;2016-0526-CHN;957.0;0.0;1.0;1.0;2016-11-25 00:00:00+00:00;2016-12-08 00:00:00+00:00;13.0
2016-0489-MYS;2016-0516-MYS;12494.0;0.96;0.07;0.96;2016-11-28 00:00:00+00:00;2016-12-26 00:00:00+00:00;28.0
2016-0516-MYS;2017-0224-MYS;168734.0;1.0;0.89;1.0;2016-12-26 00:00:00+00:00;2017-01-23 00:00:00+00:00;28.0
2016-0523-ZWE;2017-0091-ZWE;14513.0;0.5;0.06;0.5;2016-12-09 00:00:00+00:00;2017-01-01 00:00:00+00:00;23.0
2017-0058-USA;2017-0062-USA;35680.0;0.05;1.0;1.0;2017-02-22 00:00:00+00:00;2017-02-08 00:00:00+00:00;14.0
2017-0059-IDN;2017-0068-IDN;1292.0;0.66;0.03;0.66;2017-02-21 00:00:00+00:00;2017-02-09 00:00:00+00:00;12.0
2017-0090-COL;2017-0215-COL;1141.0;0.38;0.0;0.38;2017-03-31 00:00:00+00:00;2017-03-17 00:00:00+00:00;14.0
2017-0102-IDN;2017-0147-IDN;37853.0;0.96;0.97;0.97;2017-04-01 00:00:00+00:00;2017-04-29 00:00:00+00:00;28.0
2017-0104-ARG;2017-0221-ARG;28886.0;0.01;1.0;1.0;2017-03-27 00:00:00+00:00;2017-04-05 00:00:00+00:00;9.0
2017-0143-CHN;2017-0568-CHN;11371.0;0.01;1.0;1.0;2017-04-15 00:00:00+00:00;2017-04-26 00:00:00+00:00;11.0
2017-0147-IDN;2017-0206-IDN;37853.0;0.97;0.08;0.97;2017-04-29 00:00:00+00:00;2017-05-12 00:00:00+00:00;13.0
2017-0152-BGD;2017-0174-BGD;12762.0;0.64;0.77;0.77;2017-05-30 00:00:00+00:00;2017-06-12 00:00:00+00:00;13.0
2017-0152-IND;2017-0180-IND;27180.0;0.52;0.18;0.52;2017-05-30 00:00:00+00:00;2017-06-04 00:00:00+00:00;5.0
2017-0169-CHN;2017-0201-CHN;5359.0;0.0;1.0;1.0;2017-05-31 00:00:00+00:00;2017-06-23 00:00:00+00:00;23.0
2017-0169-CHN;2017-0214-CHN;1797936.0;0.76;0.79;0.79;2017-05-31 00:00:00+00:00;2017-05-20 00:00:00+00:00;11.0
2017-0169-CHN;2017-0245-CHN;2223594.0;0.94;0.74;0.94;2017-05-31 00:00:00+00:00;2017-06-22 00:00:00+00:00;22.0
2017-0169-CHN;2017-0254-CHN;1879564.0;0.79;0.76;0.79;2017-05-31 00:00:00+00:00;2017-06-08 00:00:00+00:00;8.0
2017-0177-IDN;2017-0206-IDN;29964.0;0.58;0.07;0.58;2017-06-01 00:00:00+00:00;2017-05-12 00:00:00+00:00;20.0
2017-0180-IND;2017-0290-IND;2774.0;0.02;1.0;1.0;2017-06-04 00:00:00+00:00;2017-07-01 00:00:00+00:00;27.0
2017-0201-CHN;2017-0245-CHN;5359.0;1.0;0.0;1.0;2017-06-23 00:00:00+00:00;2017-06-22 00:00:00+00:00;1.0
2017-0201-CHN;2017-0254-CHN;5359.0;1.0;0.0;1.0;2017-06-23 00:00:00+00:00;2017-06-08 00:00:00+00:00;15.0
2017-0201-CHN;2017-0264-CHN;5359.0;1.0;0.0;1.0;2017-06-23 00:00:00+00:00;2017-07-08 00:00:00+00:00;15.0
2017-0214-CHN;2017-0254-CHN;1982545.0;0.87;0.8;0.87;2017-05-20 00:00:00+00:00;2017-06-08 00:00:00+00:00;19.0
2017-0215-COL;2017-0223-COL;575.0;0.0;0.52;0.52;2017-03-17 00:00:00+00:00;2017-02-23 00:00:00+00:00;22.0
2017-0245-CHN;2017-0254-CHN;2331572.0;0.77;0.94;0.94;2017-06-22 00:00:00+00:00;2017-06-08 00:00:00+00:00;14.0
2017-0245-CHN;2017-0264-CHN;2581851.0;0.85;0.95;0.95;2017-06-22 00:00:00+00:00;2017-07-08 00:00:00+00:00;16.0
2017-0246-JPN;2017-0327-JPN;20936.0;0.32;0.37;0.37;2017-07-06 00:00:00+00:00;2017-08-05 00:00:00+00:00;30.0
2017-0254-CHN;2017-0264-CHN;2085754.0;0.84;0.76;0.84;2017-06-08 00:00:00+00:00;2017-07-08 00:00:00+00:00;30.0
2017-0256-NPL;2017-0321-NPL;15492.0;1.0;0.95;1.0;2017-06-30 00:00:00+00:00;2017-06-30 00:00:00+00:00;0.0
2017-0257-IND;2017-0294-IND;36119.0;0.16;0.3;0.3;2017-06-01 00:00:00+00:00;2017-06-01 00:00:00+00:00;0.0
2017-0264-CHN;2017-0287-CHN;398913.0;0.15;0.34;0.34;2017-07-08 00:00:00+00:00;2017-07-17 00:00:00+00:00;9.0
2017-0264-CHN;2017-0332-CHN;2449.0;0.0;1.0;1.0;2017-07-08 00:00:00+00:00;2017-08-07 00:00:00+00:00;30.0
2017-0281-THA;2017-0316-THA;1100.0;1.0;0.01;1.0;2017-07-17 00:00:00+00:00;2017-07-05 00:00:00+00:00;12.0
2017-0287-CHN;2017-0372-CHN;735178.0;0.62;0.24;0.62;2017-07-17 00:00:00+00:00;2017-08-08 00:00:00+00:00;22.0
2017-0287-CHN;2017-0476-CHN;494866.0;0.42;0.24;0.42;2017-07-17 00:00:00+00:00;2017-08-11 00:00:00+00:00;25.0
2017-0326-CHN;2017-0352-CHN;152067.0;1.0;0.13;1.0;2017-08-03 00:00:00+00:00;2017-08-24 00:00:00+00:00;21.0
2017-0326-CHN;2017-0485-CHN;152067.0;1.0;0.13;1.0;2017-08-03 00:00:00+00:00;2017-08-27 00:00:00+00:00;24.0
2017-0342-IND;2017-0517-IND;113651.0;0.28;1.0;1.0;2017-08-11 00:00:00+00:00;2017-08-16 00:00:00+00:00;5.0
2017-0352-CHN;2017-0363-CHN;33929.0;0.03;1.0;1.0;2017-08-24 00:00:00+00:00;2017-08-28 00:00:00+00:00;4.0
2017-0352-CHN;2017-0476-CHN;974734.0;0.86;0.47;0.86;2017-08-24 00:00:00+00:00;2017-08-11 00:00:00+00:00;13.0
2017-0352-CHN;2017-0485-CHN;912678.0;0.8;0.79;0.8;2017-08-24 00:00:00+00:00;2017-08-27 00:00:00+00:00;3.0
2017-0363-CHN;2017-0476-CHN;33929.0;1.0;0.02;1.0;2017-08-28 00:00:00+00:00;2017-08-11 00:00:00+00:00;17.0
2017-0381-DOM;2017-0383-DOM;13490.0;0.69;0.43;0.69;2017-09-06 00:00:00+00:00;2017-09-20 00:00:00+00:00;14.0
2017-0382-GTM;2017-0410-GTM;1307.0;0.06;0.38;0.38;2017-09-08 00:00:00+00:00;2017-10-05 00:00:00+00:00;27.0
2017-0383-USA;2017-0410-USA;192344.0;0.97;0.35;0.97;2017-09-26 00:00:00+00:00;2017-10-07 00:00:00+00:00;11.0
2017-0410-GTM;2017-0449-GTM;1307.0;0.38;0.02;0.38;2017-10-05 00:00:00+00:00;2017-10-23 00:00:00+00:00;18.0
2017-0410-NIC;2017-0449-NIC;6377.0;0.11;0.3;0.3;2017-10-05 00:00:00+00:00;2017-10-27 00:00:00+00:00;22.0
2017-0476-CHN;2017-0485-CHN;752820.0;0.36;0.65;0.65;2017-08-11 00:00:00+00:00;2017-08-27 00:00:00+00:00;16.0
2018-0031-IDN;2018-0483-IDN;10977.0;0.57;0.28;0.57;2018-01-23 00:00:00+00:00;2018-02-21 00:00:00+00:00;29.0
2018-0050-CHN;2018-0053-CHN;865268.0;0.44;1.0;1.0;2018-01-02 00:00:00+00:00;2018-01-24 00:00:00+00:00;22.0
2018-0055-PNG;2018-0316-PNG;16232.0;1.0;1.0;1.0;2018-02-26 00:00:00+00:00;2018-03-05 00:00:00+00:00;7.0
2018-0055-PNG;2018-0317-PNG;16232.0;1.0;0.62;1.0;2018-02-26 00:00:00+00:00;2018-03-07 00:00:00+00:00;9.0
2018-0056-IDN;2018-0483-IDN;4754.0;0.82;0.12;0.82;2018-02-22 00:00:00+00:00;2018-02-21 00:00:00+00:00;1.0
2018-0101-FJI;2018-0194-FJI;7327.0;1.0;0.68;1.0;2018-04-02 00:00:00+00:00;2018-04-09 00:00:00+00:00;7.0
2018-0130-USA;2018-0146-USA;1922.0;1.0;0.1;1.0;2018-04-14 00:00:00+00:00;2018-05-03 00:00:00+00:00;19.0
2018-0137-IND;2018-0150-IND;733840.0;1.0;1.0;1.0;2018-04-11 00:00:00+00:00;2018-05-01 00:00:00+00:00;20.0
2018-0137-IND;2018-0209-IND;304260.0;0.41;0.73;0.73;2018-04-11 00:00:00+00:00;2018-05-06 00:00:00+00:00;25.0
2018-0138-IND;2018-0149-IND;108.0;1.0;0.0;1.0;2018-04-17 00:00:00+00:00;2018-05-13 00:00:00+00:00;26.0
2018-0138-IND;2018-0209-IND;108.0;1.0;0.0;1.0;2018-04-17 00:00:00+00:00;2018-05-06 00:00:00+00:00;19.0
2018-0149-IND;2018-0150-IND;304260.0;0.44;0.41;0.44;2018-05-13 00:00:00+00:00;2018-05-01 00:00:00+00:00;12.0
2018-0149-IND;2018-0199-IND;304260.0;0.44;0.27;0.44;2018-05-13 00:00:00+00:00;2018-06-01 00:00:00+00:00;19.0
2018-0149-IND;2018-0202-IND;406809.0;0.58;0.71;0.71;2018-05-13 00:00:00+00:00;2018-06-08 00:00:00+00:00;26.0
2018-0149-IND;2018-0209-IND;406809.0;0.58;0.97;0.97;2018-05-13 00:00:00+00:00;2018-05-06 00:00:00+00:00;7.0
2018-0149-IND;2018-0214-IND;420789.0;0.6;0.81;0.81;2018-05-13 00:00:00+00:00;2018-05-28 00:00:00+00:00;15.0
2018-0150-IND;2018-0209-IND;304260.0;0.41;0.73;0.73;2018-05-01 00:00:00+00:00;2018-05-06 00:00:00+00:00;5.0
2018-0150-IND;2018-0214-IND;304260.0;0.41;0.59;0.59;2018-05-01 00:00:00+00:00;2018-05-28 00:00:00+00:00;27.0
2018-0159-CHN;2018-0211-CHN;284105.0;1.0;0.44;1.0;2018-05-07 00:00:00+00:00;2018-05-07 00:00:00+00:00;0.0
2018-0198-CHN;2018-0210-CHN;2590556.0;0.88;0.72;0.88;2018-05-05 00:00:00+00:00;2018-05-07 00:00:00+00:00;2.0
2018-0199-IND;2018-0202-IND;329576.0;0.29;0.58;0.58;2018-06-01 00:00:00+00:00;2018-06-08 00:00:00+00:00;7.0
2018-0199-IND;2018-0205-IND;347702.0;0.3;0.52;0.52;2018-06-01 00:00:00+00:00;2018-06-22 00:00:00+00:00;21.0
2018-0199-IND;2018-0209-IND;304260.0;0.27;0.73;0.73;2018-06-01 00:00:00+00:00;2018-05-06 00:00:00+00:00;26.0
2018-0199-IND;2018-0214-IND;304260.0;0.27;0.59;0.59;2018-06-01 00:00:00+00:00;2018-05-28 00:00:00+00:00;4.0
2018-0201-CHN;2018-0285-CHN;152067.0;0.2;1.0;1.0;2018-07-19 00:00:00+00:00;2018-07-10 00:00:00+00:00;9.0
2018-0201-CHN;2018-0305-CHN;52893.0;0.07;1.0;1.0;2018-07-19 00:00:00+00:00;2018-08-15 00:00:00+00:00;27.0
2018-0202-IND;2018-0213-IND;12633.0;0.02;1.0;1.0;2018-06-08 00:00:00+00:00;2018-05-17 00:00:00+00:00;22.0
2018-0202-IND;2018-0214-IND;304260.0;0.53;0.59;0.59;2018-06-08 00:00:00+00:00;2018-05-28 00:00:00+00:00;11.0
2018-0209-IND;2018-0213-IND;12633.0;0.03;1.0;1.0;2018-05-06 00:00:00+00:00;2018-05-17 00:00:00+00:00;11.0
2018-0209-IND;2018-0214-IND;304260.0;0.73;0.59;0.73;2018-05-06 00:00:00+00:00;2018-05-28 00:00:00+00:00;22.0
2018-0218-DOM;2018-0280-DOM;2807.0;0.97;1.0;1.0;2018-07-09 00:00:00+00:00;2018-07-09 00:00:00+00:00;0.0
2018-0254-IDN;2018-0257-IDN;1654.0;0.62;1.0;1.0;2018-07-29 00:00:00+00:00;2018-08-05 00:00:00+00:00;7.0
2018-0254-IDN;2018-0302-IDN;1654.0;0.62;1.0;1.0;2018-07-29 00:00:00+00:00;2018-08-19 00:00:00+00:00;21.0
2018-0257-IDN;2018-0302-IDN;1654.0;1.0;1.0;1.0;2018-08-05 00:00:00+00:00;2018-08-19 00:00:00+00:00;14.0
2018-0287-CHN;2018-0347-CHN;520645.0;0.62;0.73;0.73;2018-07-22 00:00:00+00:00;2018-08-12 00:00:00+00:00;21.0
2018-0287-CHN;2018-0348-CHN;530082.0;0.63;0.55;0.63;2018-07-22 00:00:00+00:00;2018-08-15 00:00:00+00:00;24.0
2018-0292-SDN;2018-0387-SDN;168295.0;0.71;0.88;0.88;2018-07-23 00:00:00+00:00;2018-08-01 00:00:00+00:00;9.0
2018-0316-PNG;2018-0317-PNG;16232.0;1.0;0.62;1.0;2018-03-05 00:00:00+00:00;2018-03-07 00:00:00+00:00;2.0
2018-0321-SLV;2018-9277-SLV;227.0;0.71;0.04;0.71;2018-05-06 00:00:00+00:00;2018-06-01 00:00:00+00:00;26.0
2018-0326-JPN;2018-0353-JPN;6770.0;0.31;0.55;0.55;2018-09-04 00:00:00+00:00;2018-09-28 00:00:00+00:00;24.0
2018-0347-CHN;2018-0348-CHN;715706.0;1.0;0.74;1.0;2018-08-12 00:00:00+00:00;2018-08-15 00:00:00+00:00;3.0
2018-0471-IDN;2018-0472-IDN;75892.0;0.69;0.44;0.69;2018-11-26 00:00:00+00:00;2018-12-06 00:00:00+00:00;10.0
